timestamp,worldID,itemID,worldName,itemName,hq,pricePerUnit,quantity
1649579642,74,6548,Coeurl,Ash Cabinet,False,47850,1
1649387546,74,6548,Coeurl,Ash Cabinet,False,48000,1
1648067014,74,6548,Coeurl,Ash Cabinet,False,17500,1
1648066087,74,6548,Coeurl,Ash Cabinet,False,17499,1
1647763236,74,6548,Coeurl,Ash Cabinet,False,57000,1
1647571527,74,6548,Coeurl,Ash Cabinet,False,15000,1
1647571525,74,6548,Coeurl,Ash Cabinet,False,14500,1
1647500268,74,6548,Coeurl,Ash Cabinet,False,14499,1
1647362940,74,6548,Coeurl,Ash Cabinet,False,14490,1
1646946654,74,6548,Coeurl,Ash Cabinet,False,17420,1
1646633423,74,6548,Coeurl,Ash Cabinet,False,57120,1
1646308840,74,6548,Coeurl,Ash Cabinet,False,35000,1
1645922596,74,6548,Coeurl,Ash Cabinet,False,25000,1
1645768697,74,6548,Coeurl,Ash Cabinet,False,34000,1
1645521587,74,6548,Coeurl,Ash Cabinet,False,33999,1
1645258120,74,6548,Coeurl,Ash Cabinet,False,30000,1
1645246243,74,6548,Coeurl,Ash Cabinet,False,7500,1
1645246241,74,6548,Coeurl,Ash Cabinet,False,3820,1
1645128653,74,6548,Coeurl,Ash Cabinet,False,3699,1
1645128651,74,6548,Coeurl,Ash Cabinet,False,3600,1
1645123189,74,6548,Coeurl,Ash Cabinet,False,3599,1
1645004326,74,6548,Coeurl,Ash Cabinet,False,3699,1
1644953208,74,6548,Coeurl,Ash Cabinet,False,3800,1
1644534572,74,6548,Coeurl,Ash Cabinet,False,3169,1
1644534571,74,6548,Coeurl,Ash Cabinet,False,3168,1
1644301924,74,6548,Coeurl,Ash Cabinet,False,3140,1
1643904080,74,6548,Coeurl,Ash Cabinet,False,3139,1
1643817993,74,6548,Coeurl,Ash Cabinet,False,2989,1
1643769258,74,6548,Coeurl,Ash Cabinet,False,2500,1
1643769255,74,6548,Coeurl,Ash Cabinet,False,2500,1
1643769253,74,6548,Coeurl,Ash Cabinet,False,2500,1
1643769252,74,6548,Coeurl,Ash Cabinet,False,2500,1
1643769250,74,6548,Coeurl,Ash Cabinet,False,2500,1
1643535153,74,6548,Coeurl,Ash Cabinet,False,2000,1
1643489124,74,6548,Coeurl,Ash Cabinet,False,2120,1
1643328652,74,6548,Coeurl,Ash Cabinet,False,2500,1
1643328650,74,6548,Coeurl,Ash Cabinet,False,2120,1
1643261175,74,6548,Coeurl,Ash Cabinet,False,2001,1
1643261174,74,6548,Coeurl,Ash Cabinet,False,2000,1
1642904561,74,6548,Coeurl,Ash Cabinet,False,2500,1
1642828033,74,6548,Coeurl,Ash Cabinet,False,2120,1
1642456581,74,6548,Coeurl,Ash Cabinet,False,3000,1
1642035013,74,6548,Coeurl,Ash Cabinet,False,3150,1
1641955250,74,6548,Coeurl,Ash Cabinet,False,3125,1
1641955248,74,6548,Coeurl,Ash Cabinet,False,3000,1
1641783425,74,6548,Coeurl,Ash Cabinet,False,3100,1
1641783422,74,6548,Coeurl,Ash Cabinet,False,3000,1
1641758780,74,6548,Coeurl,Ash Cabinet,False,3000,1
1641740639,74,6548,Coeurl,Ash Cabinet,False,3000,1
1641740638,74,6548,Coeurl,Ash Cabinet,False,3000,1
1641701328,74,6548,Coeurl,Ash Cabinet,False,2000,1
1641574175,74,6548,Coeurl,Ash Cabinet,False,3000,1
1641376671,74,6548,Coeurl,Ash Cabinet,False,3000,1
1641138664,74,6548,Coeurl,Ash Cabinet,False,3195,1
1640896457,74,6548,Coeurl,Ash Cabinet,False,3380,1
1640777016,74,6548,Coeurl,Ash Cabinet,False,3385,1
1640289565,74,6548,Coeurl,Ash Cabinet,False,454,1
1638997623,74,6548,Coeurl,Ash Cabinet,False,7985,1
1638632485,74,6548,Coeurl,Ash Cabinet,False,7999,1
1638250382,74,6548,Coeurl,Ash Cabinet,False,7998,1
1638156771,74,6548,Coeurl,Ash Cabinet,False,7900,1
1637825328,74,6548,Coeurl,Ash Cabinet,False,6119,1
1637822865,74,6548,Coeurl,Ash Cabinet,False,6000,1
1637301996,74,6548,Coeurl,Ash Cabinet,False,7600,1
1637225927,74,6548,Coeurl,Ash Cabinet,False,7400,1
1637182860,74,6548,Coeurl,Ash Cabinet,False,7250,1
1637036230,74,6548,Coeurl,Ash Cabinet,False,6800,1
1637010590,74,6548,Coeurl,Ash Cabinet,False,6120,1
1636892198,74,6548,Coeurl,Ash Cabinet,False,6000,1
1636866410,74,6548,Coeurl,Ash Cabinet,False,5950,1
1636764378,74,6548,Coeurl,Ash Cabinet,False,7220,1
1636421883,74,6548,Coeurl,Ash Cabinet,False,6820,1
1636348176,74,6548,Coeurl,Ash Cabinet,False,6819,1
1636067999,74,6548,Coeurl,Ash Cabinet,False,7000,1
1635728478,74,6548,Coeurl,Ash Cabinet,False,2500,1
1635728476,74,6548,Coeurl,Ash Cabinet,False,2120,1
1635728473,74,6548,Coeurl,Ash Cabinet,False,2109,1
1635392281,74,6548,Coeurl,Ash Cabinet,False,1899,1
1635221241,74,6548,Coeurl,Ash Cabinet,False,4990,1
1634433164,74,6548,Coeurl,Ash Cabinet,False,9500,1
1634081361,74,6548,Coeurl,Ash Cabinet,False,29900,1
1634069599,74,6548,Coeurl,Ash Cabinet,False,26120,1
1633892981,74,6548,Coeurl,Ash Cabinet,False,26000,1
1633518199,74,6548,Coeurl,Ash Cabinet,False,25000,1
1633380656,74,6548,Coeurl,Ash Cabinet,False,27000,1
1633294554,74,6548,Coeurl,Ash Cabinet,False,28699,1
1633184893,74,6548,Coeurl,Ash Cabinet,False,27999,1
1632689588,74,6548,Coeurl,Ash Cabinet,False,30000,1
1632660510,74,6548,Coeurl,Ash Cabinet,False,29000,1
1632583687,74,6548,Coeurl,Ash Cabinet,False,29999,1
1632211253,74,6548,Coeurl,Ash Cabinet,False,49450,1
1631673180,74,6548,Coeurl,Ash Cabinet,False,45000,1
1631331995,74,6548,Coeurl,Ash Cabinet,False,15000,1
1631073225,74,6548,Coeurl,Ash Cabinet,False,13000,1
1630884650,74,6548,Coeurl,Ash Cabinet,False,7300,1
1630882263,74,6548,Coeurl,Ash Cabinet,False,6720,1
1630882261,74,6548,Coeurl,Ash Cabinet,False,4120,1
1630658463,74,6548,Coeurl,Ash Cabinet,False,4000,1
1630658448,74,6548,Coeurl,Ash Cabinet,False,3500,1
1630658444,74,6548,Coeurl,Ash Cabinet,False,2250,1
1630517044,74,6548,Coeurl,Ash Cabinet,False,3490,1
1630373208,74,6548,Coeurl,Ash Cabinet,False,3400,1
1630164153,74,6548,Coeurl,Ash Cabinet,False,3000,1
1630164151,74,6548,Coeurl,Ash Cabinet,False,1000,1
1630106684,74,6548,Coeurl,Ash Cabinet,False,3000,1
1630106681,74,6548,Coeurl,Ash Cabinet,False,3000,1
1629699534,74,6548,Coeurl,Ash Cabinet,False,3300,1
1629698419,74,6548,Coeurl,Ash Cabinet,False,3200,1
1629698417,74,6548,Coeurl,Ash Cabinet,False,3200,1
1629698414,74,6548,Coeurl,Ash Cabinet,False,3200,1
1629698412,74,6548,Coeurl,Ash Cabinet,False,3200,1
1629698411,74,6548,Coeurl,Ash Cabinet,False,3200,1
1629688799,74,6548,Coeurl,Ash Cabinet,False,3199,1
1629688739,74,6548,Coeurl,Ash Cabinet,False,3120,1
1629246926,74,6548,Coeurl,Ash Cabinet,False,3495,1
1629169133,74,6548,Coeurl,Ash Cabinet,False,3000,1
1629169132,74,6548,Coeurl,Ash Cabinet,False,2700,1
1629095909,74,6548,Coeurl,Ash Cabinet,False,2800,1
1629075194,74,6548,Coeurl,Ash Cabinet,False,2800,1
1629075191,74,6548,Coeurl,Ash Cabinet,False,2794,1
1629075188,74,6548,Coeurl,Ash Cabinet,False,2700,1
1629075184,74,6548,Coeurl,Ash Cabinet,False,2695,1
1629075182,74,6548,Coeurl,Ash Cabinet,False,2600,1
1629075179,74,6548,Coeurl,Ash Cabinet,False,2500,1
1628918828,74,6548,Coeurl,Ash Cabinet,False,2700,1
1628392415,74,6548,Coeurl,Ash Cabinet,False,3500,1
1628392414,74,6548,Coeurl,Ash Cabinet,False,3500,1
1628197186,74,6548,Coeurl,Ash Cabinet,False,3699,1
1628197184,74,6548,Coeurl,Ash Cabinet,False,3500,1
1627811358,74,6548,Coeurl,Ash Cabinet,False,3999,1
1627439773,74,6548,Coeurl,Ash Cabinet,False,6666,1
1627435335,74,6548,Coeurl,Ash Cabinet,False,5000,1
1627435333,74,6548,Coeurl,Ash Cabinet,False,2999,1
1627275940,74,6548,Coeurl,Ash Cabinet,False,6665,1
1627275938,74,6548,Coeurl,Ash Cabinet,False,6665,1
1626800533,74,6548,Coeurl,Ash Cabinet,False,6800,1
1626589372,74,6548,Coeurl,Ash Cabinet,False,9800,1
1626457055,74,6548,Coeurl,Ash Cabinet,False,9887,1
1626264982,74,6548,Coeurl,Ash Cabinet,False,1995,1
1625729008,74,6548,Coeurl,Ash Cabinet,False,11000,1
1625679374,74,6548,Coeurl,Ash Cabinet,False,10120,1
1625422133,74,6548,Coeurl,Ash Cabinet,False,3999,1
1625244203,74,6548,Coeurl,Ash Cabinet,False,5120,1
1625244202,74,6548,Coeurl,Ash Cabinet,False,5000,1
1625244201,74,6548,Coeurl,Ash Cabinet,False,4900,1
1625244200,74,6548,Coeurl,Ash Cabinet,False,3900,1
1625026322,74,6548,Coeurl,Ash Cabinet,False,3999,1
1624993035,74,6548,Coeurl,Ash Cabinet,False,3700,1
1624943348,74,6548,Coeurl,Ash Cabinet,False,3600,1
1624844643,74,6548,Coeurl,Ash Cabinet,False,2980,1
1624628627,74,6548,Coeurl,Ash Cabinet,False,2990,1
1624601140,74,6548,Coeurl,Ash Cabinet,False,2979,1
1624596722,74,6548,Coeurl,Ash Cabinet,False,2800,1
1624562360,74,6548,Coeurl,Ash Cabinet,False,2499,1
1624562359,74,6548,Coeurl,Ash Cabinet,False,2498,1
1624412388,74,6548,Coeurl,Ash Cabinet,False,2489,1
1624412382,74,6548,Coeurl,Ash Cabinet,False,2400,1
1624170979,74,6548,Coeurl,Ash Cabinet,False,2580,1
1624143504,74,6548,Coeurl,Ash Cabinet,False,2580,1
1624143503,74,6548,Coeurl,Ash Cabinet,False,2500,1
1624143502,74,6548,Coeurl,Ash Cabinet,False,2499,1
1624133669,74,6548,Coeurl,Ash Cabinet,False,2498,1
1624088685,74,6548,Coeurl,Ash Cabinet,False,2579,1
1624088683,74,6548,Coeurl,Ash Cabinet,False,2555,1
1624064918,74,6548,Coeurl,Ash Cabinet,False,2400,1
1623877324,74,6548,Coeurl,Ash Cabinet,False,2575,1
1623828157,74,6548,Coeurl,Ash Cabinet,False,1999,1
1623566914,74,6548,Coeurl,Ash Cabinet,False,2665,1
1623562512,74,6548,Coeurl,Ash Cabinet,False,2600,1
1623273421,74,6548,Coeurl,Ash Cabinet,False,2950,1
1623258382,74,6548,Coeurl,Ash Cabinet,False,2888,1
1623190465,74,6548,Coeurl,Ash Cabinet,False,2750,1
1623139644,74,6548,Coeurl,Ash Cabinet,False,2500,1
1622444676,74,6548,Coeurl,Ash Cabinet,False,3900,1
1622361249,74,6548,Coeurl,Ash Cabinet,False,4600,1
1621749359,74,6548,Coeurl,Ash Cabinet,False,4899,1
1621650845,74,6548,Coeurl,Ash Cabinet,False,4900,1
1621225926,74,6548,Coeurl,Ash Cabinet,False,30120,1
1621192323,74,6548,Coeurl,Ash Cabinet,False,10001,1
1621182934,74,6548,Coeurl,Ash Cabinet,False,10000,1
1621057297,74,6548,Coeurl,Ash Cabinet,False,3900,1
1621046192,74,6548,Coeurl,Ash Cabinet,False,3000,1
1621046191,74,6548,Coeurl,Ash Cabinet,False,3000,1
1621046189,74,6548,Coeurl,Ash Cabinet,False,3000,1
1621046188,74,6548,Coeurl,Ash Cabinet,False,3000,1
1621046187,74,6548,Coeurl,Ash Cabinet,False,3000,1
1621046185,74,6548,Coeurl,Ash Cabinet,False,3000,1
1620088937,74,6548,Coeurl,Ash Cabinet,False,4000,1
1620078630,74,6548,Coeurl,Ash Cabinet,False,4000,1
1619987510,74,6548,Coeurl,Ash Cabinet,False,4000,1
1619987379,74,6548,Coeurl,Ash Cabinet,False,4000,1
1619928606,74,6548,Coeurl,Ash Cabinet,False,4000,1
1619900267,74,6548,Coeurl,Ash Cabinet,False,4000,1
1619857866,74,6548,Coeurl,Ash Cabinet,False,4000,1
1619843195,74,6548,Coeurl,Ash Cabinet,False,4000,1
1619843194,74,6548,Coeurl,Ash Cabinet,False,4000,1
1619843192,74,6548,Coeurl,Ash Cabinet,False,3999,1
1619757189,74,6548,Coeurl,Ash Cabinet,False,7000,1
1619631129,74,6548,Coeurl,Ash Cabinet,False,6999,1
1619520805,74,6548,Coeurl,Ash Cabinet,False,9900,1
1618984498,74,6548,Coeurl,Ash Cabinet,False,11000,1
1618962958,74,6548,Coeurl,Ash Cabinet,False,7120,1
1618809448,74,6548,Coeurl,Ash Cabinet,False,9020,1
1618550274,74,6548,Coeurl,Ash Cabinet,False,9020,1
1618427248,74,6548,Coeurl,Ash Cabinet,False,8750,1
1618195847,74,6548,Coeurl,Ash Cabinet,False,11900,1
1617782352,74,6548,Coeurl,Ash Cabinet,False,12500,1
1617247929,74,6548,Coeurl,Ash Cabinet,False,13399,1
1617230580,74,6548,Coeurl,Ash Cabinet,False,13399,1
1616917707,74,6548,Coeurl,Ash Cabinet,False,15000,1
1616793030,74,6548,Coeurl,Ash Cabinet,False,15300,1
1616386024,74,6548,Coeurl,Ash Cabinet,False,16666,1
1616386022,74,6548,Coeurl,Ash Cabinet,False,13273,1
1616282079,74,6548,Coeurl,Ash Cabinet,False,10000,1
1616192074,74,6548,Coeurl,Ash Cabinet,False,10000,1
1616192073,74,6548,Coeurl,Ash Cabinet,False,9999,1
1616051793,74,6548,Coeurl,Ash Cabinet,False,10000,1
1616048777,74,6548,Coeurl,Ash Cabinet,False,9120,1
1615935162,74,6548,Coeurl,Ash Cabinet,False,9000,1
1615935160,74,6548,Coeurl,Ash Cabinet,False,9969,1
1615935159,74,6548,Coeurl,Ash Cabinet,False,9980,1
1615827985,74,6548,Coeurl,Ash Cabinet,False,8888,1
1615827984,74,6548,Coeurl,Ash Cabinet,False,8500,1
1615704477,74,6548,Coeurl,Ash Cabinet,False,8000,1
1615692455,74,6548,Coeurl,Ash Cabinet,False,7000,1
1615679400,74,6548,Coeurl,Ash Cabinet,False,8000,1
1615529849,74,6548,Coeurl,Ash Cabinet,False,9000,1
1615353282,74,6548,Coeurl,Ash Cabinet,False,8999,1
1615353281,74,6548,Coeurl,Ash Cabinet,False,7120,1
1615081953,74,6548,Coeurl,Ash Cabinet,False,9950,1
1615057494,74,6548,Coeurl,Ash Cabinet,False,9940,1
1614868438,74,6548,Coeurl,Ash Cabinet,False,9970,1
1614666732,74,6548,Coeurl,Ash Cabinet,False,9000,1
1614492459,74,6548,Coeurl,Ash Cabinet,False,9964,1
1613719570,74,6548,Coeurl,Ash Cabinet,False,19200,1
1613719557,74,6548,Coeurl,Ash Cabinet,False,19000,1
1613710715,74,6548,Coeurl,Ash Cabinet,False,19000,1
1613580376,74,6548,Coeurl,Ash Cabinet,False,800000,1
1613362204,74,6548,Coeurl,Ash Cabinet,False,26222,1
1613014123,74,6548,Coeurl,Ash Cabinet,False,30100,1
1612600844,74,6548,Coeurl,Ash Cabinet,False,44444,1
1612589350,74,6548,Coeurl,Ash Cabinet,False,47500,1
1611623842,74,6548,Coeurl,Ash Cabinet,False,250000,1
1611623841,74,6548,Coeurl,Ash Cabinet,False,200000,1
1611623741,74,6548,Coeurl,Ash Cabinet,False,199900,1
1611623740,74,6548,Coeurl,Ash Cabinet,False,199900,1
1611452986,74,6548,Coeurl,Ash Cabinet,False,250000,1
1611291657,74,6548,Coeurl,Ash Cabinet,False,250000,1
1610962392,74,6548,Coeurl,Ash Cabinet,False,20000,1
1610961341,74,6548,Coeurl,Ash Cabinet,False,19999,1
1608775148,74,6548,Coeurl,Ash Cabinet,False,2000,1
1608598338,74,6548,Coeurl,Ash Cabinet,False,1975,1
1608241410,74,6548,Coeurl,Ash Cabinet,False,1949,1
1608226018,74,6548,Coeurl,Ash Cabinet,False,1900,1
1607631118,74,6548,Coeurl,Ash Cabinet,False,4990,1
1607631116,74,6548,Coeurl,Ash Cabinet,False,4990,1
1607631114,74,6548,Coeurl,Ash Cabinet,False,4120,1
1607631113,74,6548,Coeurl,Ash Cabinet,False,3999,1
1607614643,74,6548,Coeurl,Ash Cabinet,False,3888,1
1607477899,74,6548,Coeurl,Ash Cabinet,False,4990,1
1607207121,74,6548,Coeurl,Ash Cabinet,False,4800,1
1606246282,74,6548,Coeurl,Ash Cabinet,False,13500,1
1606010583,74,6548,Coeurl,Ash Cabinet,False,14499,1
1605986384,74,6548,Coeurl,Ash Cabinet,False,14499,1
1605976894,74,6548,Coeurl,Ash Cabinet,False,14300,1
1605838769,74,6548,Coeurl,Ash Cabinet,False,4875,1
1605599815,74,6548,Coeurl,Ash Cabinet,False,20120,1
1605465913,74,6548,Coeurl,Ash Cabinet,False,20120,1
1605465912,74,6548,Coeurl,Ash Cabinet,False,20120,1
1605286563,74,6548,Coeurl,Ash Cabinet,False,29500,1
1600889004,74,6548,Coeurl,Ash Cabinet,False,30000,1
1600837817,74,6548,Coeurl,Ash Cabinet,False,24000,1
1600837815,74,6548,Coeurl,Ash Cabinet,False,19990,1
1600837814,74,6548,Coeurl,Ash Cabinet,False,19990,1
1600837812,74,6548,Coeurl,Ash Cabinet,False,14120,1
1600837810,74,6548,Coeurl,Ash Cabinet,False,14119,1
1600740186,74,6548,Coeurl,Ash Cabinet,False,9900,1
1600740181,74,6548,Coeurl,Ash Cabinet,False,9000,1
1600723607,74,6548,Coeurl,Ash Cabinet,False,5000,1
1600723604,74,6548,Coeurl,Ash Cabinet,False,4999,1
1600516252,74,6548,Coeurl,Ash Cabinet,False,9000,1
1600413086,74,6548,Coeurl,Ash Cabinet,False,8120,1
1599709321,74,6548,Coeurl,Ash Cabinet,False,25000,1
1599294964,74,6548,Coeurl,Ash Cabinet,False,10000,1
1599123872,74,6548,Coeurl,Ash Cabinet,False,9985,1
1599059092,74,6548,Coeurl,Ash Cabinet,False,9900,1
1598214718,74,6548,Coeurl,Ash Cabinet,False,10000,1
1598067166,74,6548,Coeurl,Ash Cabinet,False,10000,1
1597898060,74,6548,Coeurl,Ash Cabinet,False,8120,1
1597615585,74,6548,Coeurl,Ash Cabinet,False,5000,1
1586569491,74,6548,Coeurl,Ash Cabinet,False,14990,1
1586563057,74,6548,Coeurl,Ash Cabinet,False,14554,1
1585668040,74,6548,Coeurl,Ash Cabinet,False,12000,1
1585544194,74,6548,Coeurl,Ash Cabinet,False,24554,1
1585440032,74,6548,Coeurl,Ash Cabinet,False,12554,1
1585438048,74,6548,Coeurl,Ash Cabinet,False,12500,1
1585165630,74,6548,Coeurl,Ash Cabinet,False,7500,1
1585057832,74,6548,Coeurl,Ash Cabinet,False,20000,1
1584971037,74,6548,Coeurl,Ash Cabinet,False,16774,1
1584971034,74,6548,Coeurl,Ash Cabinet,False,15000,1
1584917231,74,6548,Coeurl,Ash Cabinet,False,15000,1
1584815370,74,6548,Coeurl,Ash Cabinet,False,13000,1
1584657280,74,6548,Coeurl,Ash Cabinet,False,9750,1
1584651814,74,6548,Coeurl,Ash Cabinet,False,8000,1
1584647235,74,6548,Coeurl,Ash Cabinet,False,8000,1
1584647232,74,6548,Coeurl,Ash Cabinet,False,7999,1
1584647230,74,6548,Coeurl,Ash Cabinet,False,7998,1
1584647229,74,6548,Coeurl,Ash Cabinet,False,7995,1
1584502377,74,6548,Coeurl,Ash Cabinet,False,7900,1
1584482656,74,6548,Coeurl,Ash Cabinet,False,7700,1
1577852523,74,6548,Coeurl,Ash Cabinet,False,22000,1
1577285333,74,6548,Coeurl,Ash Cabinet,False,24553,1
1576921116,74,6548,Coeurl,Ash Cabinet,False,20000,1
1576707209,74,6548,Coeurl,Ash Cabinet,False,25000,1
1576640091,74,6548,Coeurl,Ash Cabinet,False,20054,1
1576476934,74,6548,Coeurl,Ash Cabinet,False,14850,1
1575863212,74,6548,Coeurl,Ash Cabinet,False,9788,1
1575789929,74,6548,Coeurl,Ash Cabinet,False,25000,1
1575397101,74,6548,Coeurl,Ash Cabinet,False,10000,1
1574576054,74,6548,Coeurl,Ash Cabinet,False,9990,1
1574126345,74,6548,Coeurl,Ash Cabinet,False,9000,1
1573968306,74,6548,Coeurl,Ash Cabinet,False,9990,1
1573873144,74,6548,Coeurl,Ash Cabinet,False,9990,1
1573873140,74,6548,Coeurl,Ash Cabinet,False,8054,1
1573873139,74,6548,Coeurl,Ash Cabinet,False,7500,1
1573873138,74,6548,Coeurl,Ash Cabinet,False,7499,1
1573873137,74,6548,Coeurl,Ash Cabinet,False,7000,1
1573336966,74,6548,Coeurl,Ash Cabinet,False,8000,1
1573336964,74,6548,Coeurl,Ash Cabinet,False,6800,1
1573336245,74,6548,Coeurl,Ash Cabinet,False,5000,1
1648923968,74,7490,Coeurl,Wolfram Sabatons,False,799,1
1648537543,74,7490,Coeurl,Wolfram Sabatons,True,1115,1
1648339202,74,7490,Coeurl,Wolfram Sabatons,True,1417,1
1647795621,74,7490,Coeurl,Wolfram Sabatons,True,1105,1
1647709910,74,7490,Coeurl,Wolfram Sabatons,True,998,1
1647709909,74,7490,Coeurl,Wolfram Sabatons,True,899,1
1647709909,74,7490,Coeurl,Wolfram Sabatons,True,300,1
1647709908,74,7490,Coeurl,Wolfram Sabatons,False,299,1
1647709908,74,7490,Coeurl,Wolfram Sabatons,False,206,1
1647301855,74,7490,Coeurl,Wolfram Sabatons,False,500,1
1647301852,74,7490,Coeurl,Wolfram Sabatons,True,500,1
1646968876,74,7490,Coeurl,Wolfram Sabatons,True,998,1
1646898051,74,7490,Coeurl,Wolfram Sabatons,False,1000,1
1646898049,74,7490,Coeurl,Wolfram Sabatons,False,1000,1
1646834367,74,7490,Coeurl,Wolfram Sabatons,False,706,1
1646419420,74,7490,Coeurl,Wolfram Sabatons,False,800,1
1646419417,74,7490,Coeurl,Wolfram Sabatons,True,555,1
1646419414,74,7490,Coeurl,Wolfram Sabatons,True,550,1
1646419412,74,7490,Coeurl,Wolfram Sabatons,False,550,1
1646258646,74,7490,Coeurl,Wolfram Sabatons,True,417,1
1646258644,74,7490,Coeurl,Wolfram Sabatons,True,400,1
1646258642,74,7490,Coeurl,Wolfram Sabatons,False,350,1
1646010610,74,7490,Coeurl,Wolfram Sabatons,True,525,1
1646010608,74,7490,Coeurl,Wolfram Sabatons,True,525,1
1646010605,74,7490,Coeurl,Wolfram Sabatons,True,500,1
1645516079,74,7490,Coeurl,Wolfram Sabatons,True,600,1
1645420622,74,7490,Coeurl,Wolfram Sabatons,False,950,1
1645054874,74,7490,Coeurl,Wolfram Sabatons,True,1095,1
1644792691,74,7490,Coeurl,Wolfram Sabatons,False,1106,1
1644747187,74,7490,Coeurl,Wolfram Sabatons,False,1060,1
1644617258,74,7490,Coeurl,Wolfram Sabatons,False,999,1
1644510891,74,7490,Coeurl,Wolfram Sabatons,True,2490,1
1644510890,74,7490,Coeurl,Wolfram Sabatons,False,2300,1
1644510889,74,7490,Coeurl,Wolfram Sabatons,True,2200,1
1644510888,74,7490,Coeurl,Wolfram Sabatons,True,2200,1
1644510887,74,7490,Coeurl,Wolfram Sabatons,True,2200,1
1644510886,74,7490,Coeurl,Wolfram Sabatons,False,2100,1
1644510884,74,7490,Coeurl,Wolfram Sabatons,False,2000,1
1644388118,74,7490,Coeurl,Wolfram Sabatons,True,1016,1
1644388113,74,7490,Coeurl,Wolfram Sabatons,True,997,1
1644388109,74,7490,Coeurl,Wolfram Sabatons,False,700,1
1644388105,74,7490,Coeurl,Wolfram Sabatons,False,680,1
1644388101,74,7490,Coeurl,Wolfram Sabatons,True,500,1
1644387767,74,7490,Coeurl,Wolfram Sabatons,True,500,1
1644387760,74,7490,Coeurl,Wolfram Sabatons,True,498,1
1644387757,74,7490,Coeurl,Wolfram Sabatons,True,497,1
1644387752,74,7490,Coeurl,Wolfram Sabatons,True,450,1
1644387748,74,7490,Coeurl,Wolfram Sabatons,True,400,1
1643670465,74,7490,Coeurl,Wolfram Sabatons,True,1090,1
1643670464,74,7490,Coeurl,Wolfram Sabatons,True,990,1
1643670464,74,7490,Coeurl,Wolfram Sabatons,True,1089,1
1643670463,74,7490,Coeurl,Wolfram Sabatons,True,990,1
1643670462,74,7490,Coeurl,Wolfram Sabatons,True,900,1
1643670462,74,7490,Coeurl,Wolfram Sabatons,True,917,1
1643670461,74,7490,Coeurl,Wolfram Sabatons,True,887,1
1643670460,74,7490,Coeurl,Wolfram Sabatons,True,500,1
1643670459,74,7490,Coeurl,Wolfram Sabatons,True,499,1
1643670458,74,7490,Coeurl,Wolfram Sabatons,False,436,1
1643670457,74,7490,Coeurl,Wolfram Sabatons,True,400,1
1643670457,74,7490,Coeurl,Wolfram Sabatons,False,406,1
1643670456,74,7490,Coeurl,Wolfram Sabatons,False,399,1
1643670455,74,7490,Coeurl,Wolfram Sabatons,False,399,1
1643244819,74,7490,Coeurl,Wolfram Sabatons,True,986,1
1643082486,74,7490,Coeurl,Wolfram Sabatons,False,106,1
1643051152,74,7490,Coeurl,Wolfram Sabatons,True,117,1
1642897268,74,7490,Coeurl,Wolfram Sabatons,False,987,1
1642793127,74,7490,Coeurl,Wolfram Sabatons,False,200,1
1642566964,74,7490,Coeurl,Wolfram Sabatons,True,998,1
1642496089,74,7490,Coeurl,Wolfram Sabatons,True,850,1
1642496087,74,7490,Coeurl,Wolfram Sabatons,True,800,1
1642496086,74,7490,Coeurl,Wolfram Sabatons,True,790,1
1642496084,74,7490,Coeurl,Wolfram Sabatons,False,600,1
1642212449,74,7490,Coeurl,Wolfram Sabatons,True,1088,1
1642148940,74,7490,Coeurl,Wolfram Sabatons,False,999,1
1642148936,74,7490,Coeurl,Wolfram Sabatons,True,900,1
1642148934,74,7490,Coeurl,Wolfram Sabatons,True,717,1
1642148932,74,7490,Coeurl,Wolfram Sabatons,False,475,1
1642148930,74,7490,Coeurl,Wolfram Sabatons,True,200,1
1642148894,74,7490,Coeurl,Wolfram Sabatons,True,185,1
1642148891,74,7490,Coeurl,Wolfram Sabatons,True,185,1
1642016726,74,7490,Coeurl,Wolfram Sabatons,True,180,1
1641972763,74,7490,Coeurl,Wolfram Sabatons,True,180,1
1641944745,74,7490,Coeurl,Wolfram Sabatons,True,189,1
1641699239,74,7490,Coeurl,Wolfram Sabatons,True,700,1
1641500209,74,7490,Coeurl,Wolfram Sabatons,False,1000,1
1641370467,74,7490,Coeurl,Wolfram Sabatons,True,900,1
1641370465,74,7490,Coeurl,Wolfram Sabatons,True,850,1
1641370183,74,7490,Coeurl,Wolfram Sabatons,True,750,1
1641370181,74,7490,Coeurl,Wolfram Sabatons,True,750,1
1641370179,74,7490,Coeurl,Wolfram Sabatons,True,749,1
1641370176,74,7490,Coeurl,Wolfram Sabatons,True,749,1
1641370174,74,7490,Coeurl,Wolfram Sabatons,True,748,1
1641370172,74,7490,Coeurl,Wolfram Sabatons,False,748,1
1641263813,74,7490,Coeurl,Wolfram Sabatons,True,749,1
1641222851,74,7490,Coeurl,Wolfram Sabatons,False,500,1
1641206624,74,7490,Coeurl,Wolfram Sabatons,False,499,1
1641144602,74,7490,Coeurl,Wolfram Sabatons,True,775,1
1640814557,74,7490,Coeurl,Wolfram Sabatons,True,795,1
1640814556,74,7490,Coeurl,Wolfram Sabatons,True,794,1
1640814555,74,7490,Coeurl,Wolfram Sabatons,True,790,1
1640814554,74,7490,Coeurl,Wolfram Sabatons,False,699,1
1640814553,74,7490,Coeurl,Wolfram Sabatons,True,455,1
1640814552,74,7490,Coeurl,Wolfram Sabatons,False,106,1
1640814552,74,7490,Coeurl,Wolfram Sabatons,True,200,1
1640742201,74,7490,Coeurl,Wolfram Sabatons,True,400,1
1640575995,74,7490,Coeurl,Wolfram Sabatons,False,649,1
1640533249,74,7490,Coeurl,Wolfram Sabatons,False,500,1
1640463910,74,7490,Coeurl,Wolfram Sabatons,False,620,1
1640160272,74,7490,Coeurl,Wolfram Sabatons,False,600,1
1639874613,74,7490,Coeurl,Wolfram Sabatons,False,800,1
1639357850,74,7490,Coeurl,Wolfram Sabatons,True,500,1
1639284793,74,7490,Coeurl,Wolfram Sabatons,False,106,1
1639030029,74,7490,Coeurl,Wolfram Sabatons,False,1000,1
1639030026,74,7490,Coeurl,Wolfram Sabatons,True,925,1
1639030023,74,7490,Coeurl,Wolfram Sabatons,False,720,1
1639030019,74,7490,Coeurl,Wolfram Sabatons,True,628,1
1639030016,74,7490,Coeurl,Wolfram Sabatons,True,500,1
1639030012,74,7490,Coeurl,Wolfram Sabatons,False,498,1
1639030009,74,7490,Coeurl,Wolfram Sabatons,False,450,1
1639030007,74,7490,Coeurl,Wolfram Sabatons,False,449,1
1639030005,74,7490,Coeurl,Wolfram Sabatons,True,440,1
1638723332,74,7490,Coeurl,Wolfram Sabatons,False,700,1
1638301660,74,7490,Coeurl,Wolfram Sabatons,False,450,1
1637771274,74,7490,Coeurl,Wolfram Sabatons,False,1506,1
1637771270,74,7490,Coeurl,Wolfram Sabatons,True,1499,1
1637442271,74,7490,Coeurl,Wolfram Sabatons,False,1106,1
1637173494,74,7490,Coeurl,Wolfram Sabatons,True,2450,1
1637173490,74,7490,Coeurl,Wolfram Sabatons,True,2399,1
1637173484,74,7490,Coeurl,Wolfram Sabatons,True,2117,1
1637173479,74,7490,Coeurl,Wolfram Sabatons,True,2099,1
1637173475,74,7490,Coeurl,Wolfram Sabatons,True,1967,1
1636925473,74,7490,Coeurl,Wolfram Sabatons,False,2000,1
1636911075,74,7490,Coeurl,Wolfram Sabatons,False,2000,1
1636872425,74,7490,Coeurl,Wolfram Sabatons,False,1000,1
1636872421,74,7490,Coeurl,Wolfram Sabatons,False,999,1
1636872417,74,7490,Coeurl,Wolfram Sabatons,True,850,1
1636861141,74,7490,Coeurl,Wolfram Sabatons,False,800,1
1636802960,74,7490,Coeurl,Wolfram Sabatons,True,1000,1
1636771714,74,7490,Coeurl,Wolfram Sabatons,True,699,1
1636771712,74,7490,Coeurl,Wolfram Sabatons,True,700,1
1636421039,74,7490,Coeurl,Wolfram Sabatons,True,1990,1
1635963178,74,7490,Coeurl,Wolfram Sabatons,True,2015,1
1635963173,74,7490,Coeurl,Wolfram Sabatons,False,1805,1
1635963169,74,7490,Coeurl,Wolfram Sabatons,False,1499,1
1635963166,74,7490,Coeurl,Wolfram Sabatons,False,1200,1
1635963162,74,7490,Coeurl,Wolfram Sabatons,True,1117,1
1635487115,74,7490,Coeurl,Wolfram Sabatons,True,1899,1
1635196773,74,7490,Coeurl,Wolfram Sabatons,True,1899,1
1635137945,74,7490,Coeurl,Wolfram Sabatons,True,1200,1
1635137940,74,7490,Coeurl,Wolfram Sabatons,True,999,1
1635137935,74,7490,Coeurl,Wolfram Sabatons,True,984,1
1635137931,74,7490,Coeurl,Wolfram Sabatons,True,983,1
1635046354,74,7490,Coeurl,Wolfram Sabatons,False,700,1
1634778066,74,7490,Coeurl,Wolfram Sabatons,False,900,1
1634778061,74,7490,Coeurl,Wolfram Sabatons,False,898,1
1634516449,74,7490,Coeurl,Wolfram Sabatons,False,1106,1
1634272958,74,7490,Coeurl,Wolfram Sabatons,False,1600,1
1634272953,74,7490,Coeurl,Wolfram Sabatons,True,1005,1
1634272949,74,7490,Coeurl,Wolfram Sabatons,False,1003,1
1634214289,74,7490,Coeurl,Wolfram Sabatons,False,900,1
1634116466,74,7490,Coeurl,Wolfram Sabatons,True,999,1
1633885961,74,7490,Coeurl,Wolfram Sabatons,True,1499,1
1633808977,74,7490,Coeurl,Wolfram Sabatons,True,717,1
1633418393,74,7490,Coeurl,Wolfram Sabatons,False,850,1
1633418389,74,7490,Coeurl,Wolfram Sabatons,True,800,1
1633204833,74,7490,Coeurl,Wolfram Sabatons,True,1195,1
1633204825,74,7490,Coeurl,Wolfram Sabatons,True,1017,1
1633204819,74,7490,Coeurl,Wolfram Sabatons,True,717,1
1633060816,74,7490,Coeurl,Wolfram Sabatons,False,950,1
1632636847,74,7490,Coeurl,Wolfram Sabatons,False,950,1
1632636839,74,7490,Coeurl,Wolfram Sabatons,False,900,1
1632636834,74,7490,Coeurl,Wolfram Sabatons,False,500,1
1632636828,74,7490,Coeurl,Wolfram Sabatons,False,450,1
1631483635,74,7490,Coeurl,Wolfram Sabatons,True,745,1
1631483626,74,7490,Coeurl,Wolfram Sabatons,False,700,1
1631427344,74,7490,Coeurl,Wolfram Sabatons,True,517,1
1631139790,74,7490,Coeurl,Wolfram Sabatons,True,900,1
1630901940,74,7490,Coeurl,Wolfram Sabatons,True,1499,1
1630518237,74,7490,Coeurl,Wolfram Sabatons,False,1800,1
1630368009,74,7490,Coeurl,Wolfram Sabatons,True,1950,1
1630180807,74,7490,Coeurl,Wolfram Sabatons,False,2000,1
1630172282,74,7490,Coeurl,Wolfram Sabatons,False,2000,1
1630041306,74,7490,Coeurl,Wolfram Sabatons,True,1989,1
1630041303,74,7490,Coeurl,Wolfram Sabatons,True,1885,1
1630041302,74,7490,Coeurl,Wolfram Sabatons,True,1985,1
1630041300,74,7490,Coeurl,Wolfram Sabatons,True,1890,1
1630041298,74,7490,Coeurl,Wolfram Sabatons,True,1800,1
1630041296,74,7490,Coeurl,Wolfram Sabatons,True,1799,1
1630041295,74,7490,Coeurl,Wolfram Sabatons,False,1450,1
1629946438,74,7490,Coeurl,Wolfram Sabatons,False,1088,1
1629867322,74,7490,Coeurl,Wolfram Sabatons,True,1000,1
1629719447,74,7490,Coeurl,Wolfram Sabatons,False,1106,1
1629575332,74,7490,Coeurl,Wolfram Sabatons,False,1100,1
1629550201,74,7490,Coeurl,Wolfram Sabatons,True,1080,1
1629550199,74,7490,Coeurl,Wolfram Sabatons,True,1000,1
1629550197,74,7490,Coeurl,Wolfram Sabatons,True,1000,1
1629550195,74,7490,Coeurl,Wolfram Sabatons,True,995,1
1629527311,74,7490,Coeurl,Wolfram Sabatons,True,1000,1
1629502186,74,7490,Coeurl,Wolfram Sabatons,False,1000,1
1629449511,74,7490,Coeurl,Wolfram Sabatons,True,999,1
1629449508,74,7490,Coeurl,Wolfram Sabatons,False,998,1
1629449506,74,7490,Coeurl,Wolfram Sabatons,False,950,1
1629449503,74,7490,Coeurl,Wolfram Sabatons,False,945,1
1629331921,74,7490,Coeurl,Wolfram Sabatons,True,1000,1
1629301689,74,7490,Coeurl,Wolfram Sabatons,True,990,1
1629301685,74,7490,Coeurl,Wolfram Sabatons,False,987,1
1628885362,74,7490,Coeurl,Wolfram Sabatons,True,2489,1
1628631556,74,7490,Coeurl,Wolfram Sabatons,True,2500,1
1628631552,74,7490,Coeurl,Wolfram Sabatons,False,2400,1
1628631549,74,7490,Coeurl,Wolfram Sabatons,False,2350,1
1628539165,74,7490,Coeurl,Wolfram Sabatons,True,2495,1
1628477244,74,7490,Coeurl,Wolfram Sabatons,False,2700,1
1628388220,74,7490,Coeurl,Wolfram Sabatons,False,3000,1
1628200116,74,7490,Coeurl,Wolfram Sabatons,False,2975,1
1628107498,74,7490,Coeurl,Wolfram Sabatons,True,4000,1
1627948307,74,7490,Coeurl,Wolfram Sabatons,False,3000,1
1627866774,74,7490,Coeurl,Wolfram Sabatons,True,3999,1
1627854868,74,7490,Coeurl,Wolfram Sabatons,True,2916,1
1627854865,74,7490,Coeurl,Wolfram Sabatons,True,2917,1
1627854858,74,7490,Coeurl,Wolfram Sabatons,False,2750,1
1627774857,74,7490,Coeurl,Wolfram Sabatons,False,2500,1
1627634712,74,7490,Coeurl,Wolfram Sabatons,True,2800,1
1627595674,74,7490,Coeurl,Wolfram Sabatons,True,2900,1
1627508102,74,7490,Coeurl,Wolfram Sabatons,True,2800,1
1627427547,74,7490,Coeurl,Wolfram Sabatons,True,2916,1
1627362490,74,7490,Coeurl,Wolfram Sabatons,False,2500,1
1627329363,74,7490,Coeurl,Wolfram Sabatons,True,2400,1
1627191642,74,7490,Coeurl,Wolfram Sabatons,True,3500,1
1627056231,74,7490,Coeurl,Wolfram Sabatons,True,3499,1
1626825944,74,7490,Coeurl,Wolfram Sabatons,False,3500,1
1626335079,74,7490,Coeurl,Wolfram Sabatons,True,4899,1
1626241749,74,7490,Coeurl,Wolfram Sabatons,False,4500,1
1626138605,74,7490,Coeurl,Wolfram Sabatons,False,4899,1
1626001744,74,7490,Coeurl,Wolfram Sabatons,True,5000,1
1626001742,74,7490,Coeurl,Wolfram Sabatons,False,4444,1
1626001739,74,7490,Coeurl,Wolfram Sabatons,True,4300,1
1626001736,74,7490,Coeurl,Wolfram Sabatons,False,3106,1
1626001733,74,7490,Coeurl,Wolfram Sabatons,True,3000,1
1626001731,74,7490,Coeurl,Wolfram Sabatons,False,2899,1
1626001728,74,7490,Coeurl,Wolfram Sabatons,False,2889,1
1626001725,74,7490,Coeurl,Wolfram Sabatons,False,2500,1
1626001724,74,7490,Coeurl,Wolfram Sabatons,False,1995,1
1625962133,74,7490,Coeurl,Wolfram Sabatons,True,1500,1
1625962130,74,7490,Coeurl,Wolfram Sabatons,True,1200,1
1625962127,74,7490,Coeurl,Wolfram Sabatons,True,1000,1
1625962119,74,7490,Coeurl,Wolfram Sabatons,True,1000,1
1625962040,74,7490,Coeurl,Wolfram Sabatons,True,1000,1
1625962038,74,7490,Coeurl,Wolfram Sabatons,True,1000,1
1625962036,74,7490,Coeurl,Wolfram Sabatons,True,1000,1
1625960458,74,7490,Coeurl,Wolfram Sabatons,True,900,1
1625960454,74,7490,Coeurl,Wolfram Sabatons,True,900,1
1625960452,74,7490,Coeurl,Wolfram Sabatons,True,850,1
1625673767,74,7490,Coeurl,Wolfram Sabatons,False,799,1
1625239345,74,7490,Coeurl,Wolfram Sabatons,True,890,1
1625239342,74,7490,Coeurl,Wolfram Sabatons,True,800,1
1624693563,74,7490,Coeurl,Wolfram Sabatons,True,1000,1
1624496832,74,7490,Coeurl,Wolfram Sabatons,True,950,1
1624496829,74,7490,Coeurl,Wolfram Sabatons,True,900,1
1624496826,74,7490,Coeurl,Wolfram Sabatons,False,900,1
1624496822,74,7490,Coeurl,Wolfram Sabatons,True,890,1
1624496820,74,7490,Coeurl,Wolfram Sabatons,False,885,1
1624142632,74,7490,Coeurl,Wolfram Sabatons,True,1000,1
1623852055,74,7490,Coeurl,Wolfram Sabatons,True,1117,1
1623821056,74,7490,Coeurl,Wolfram Sabatons,True,1117,1
1623737993,74,7490,Coeurl,Wolfram Sabatons,True,417,1
1623737991,74,7490,Coeurl,Wolfram Sabatons,True,317,1
1623737990,74,7490,Coeurl,Wolfram Sabatons,True,309,1
1623737988,74,7490,Coeurl,Wolfram Sabatons,True,299,1
1623737987,74,7490,Coeurl,Wolfram Sabatons,True,217,1
1623737984,74,7490,Coeurl,Wolfram Sabatons,True,200,1
1623737982,74,7490,Coeurl,Wolfram Sabatons,True,190,1
1623714563,74,7490,Coeurl,Wolfram Sabatons,False,1500,1
1623116150,74,7490,Coeurl,Wolfram Sabatons,False,800,1
1623071384,74,7490,Coeurl,Wolfram Sabatons,True,815,1
1622596989,74,7490,Coeurl,Wolfram Sabatons,False,1700,1
1622561682,74,7490,Coeurl,Wolfram Sabatons,False,1500,1
1622561680,74,7490,Coeurl,Wolfram Sabatons,False,1500,1
1622561676,74,7490,Coeurl,Wolfram Sabatons,False,1499,1
1622561674,74,7490,Coeurl,Wolfram Sabatons,False,1000,1
1622475646,74,7490,Coeurl,Wolfram Sabatons,True,300,1
1622475643,74,7490,Coeurl,Wolfram Sabatons,True,299,1
1622475641,74,7490,Coeurl,Wolfram Sabatons,True,298,1
1622232852,74,7490,Coeurl,Wolfram Sabatons,False,1400,1
1622010834,74,7490,Coeurl,Wolfram Sabatons,True,1195,1
1621909943,74,7490,Coeurl,Wolfram Sabatons,False,1106,1
1621870773,74,7490,Coeurl,Wolfram Sabatons,False,900,1
1621829831,74,7490,Coeurl,Wolfram Sabatons,True,1000,1
1621759459,74,7490,Coeurl,Wolfram Sabatons,True,999,1
1621710259,74,7490,Coeurl,Wolfram Sabatons,False,1000,1
1621179553,74,7490,Coeurl,Wolfram Sabatons,True,1400,1
1621179552,74,7490,Coeurl,Wolfram Sabatons,False,1400,1
1621179550,74,7490,Coeurl,Wolfram Sabatons,True,1399,1
1620627048,74,7490,Coeurl,Wolfram Sabatons,True,800,1
1620627047,74,7490,Coeurl,Wolfram Sabatons,True,800,1
1620627045,74,7490,Coeurl,Wolfram Sabatons,True,775,1
1620627043,74,7490,Coeurl,Wolfram Sabatons,True,700,1
1620627041,74,7490,Coeurl,Wolfram Sabatons,True,698,1
1620627038,74,7490,Coeurl,Wolfram Sabatons,True,517,1
1620627036,74,7490,Coeurl,Wolfram Sabatons,True,490,1
1620627035,74,7490,Coeurl,Wolfram Sabatons,True,489,1
1620159267,74,7490,Coeurl,Wolfram Sabatons,True,799,1
1619841764,74,7490,Coeurl,Wolfram Sabatons,True,1000,1
1618258233,74,7490,Coeurl,Wolfram Sabatons,True,5300,1
1617865020,74,7490,Coeurl,Wolfram Sabatons,True,3399,1
1617851424,74,7490,Coeurl,Wolfram Sabatons,False,1900,1
1617851421,74,7490,Coeurl,Wolfram Sabatons,False,1800,1
1617851417,74,7490,Coeurl,Wolfram Sabatons,True,1799,1
1617851414,74,7490,Coeurl,Wolfram Sabatons,True,1517,1
1617851412,74,7490,Coeurl,Wolfram Sabatons,True,1500,1
1617851408,74,7490,Coeurl,Wolfram Sabatons,False,1300,1
1617851405,74,7490,Coeurl,Wolfram Sabatons,True,1100,1
1617851402,74,7490,Coeurl,Wolfram Sabatons,True,900,1
1617851399,74,7490,Coeurl,Wolfram Sabatons,False,900,1
1615095956,74,7490,Coeurl,Wolfram Sabatons,False,1999,1
1615095953,74,7490,Coeurl,Wolfram Sabatons,False,1999,1
1615095950,74,7490,Coeurl,Wolfram Sabatons,True,1995,1
1615095947,74,7490,Coeurl,Wolfram Sabatons,True,1500,1
1615095945,74,7490,Coeurl,Wolfram Sabatons,True,1417,1
1615095941,74,7490,Coeurl,Wolfram Sabatons,True,1400,1
1615095939,74,7490,Coeurl,Wolfram Sabatons,True,1300,1
1615095936,74,7490,Coeurl,Wolfram Sabatons,True,1299,1
1615095934,74,7490,Coeurl,Wolfram Sabatons,True,1200,1
1615095931,74,7490,Coeurl,Wolfram Sabatons,True,1117,1
1614308785,74,7490,Coeurl,Wolfram Sabatons,True,500,1
1613952079,74,7490,Coeurl,Wolfram Sabatons,False,666,1
1613486500,74,7490,Coeurl,Wolfram Sabatons,True,1397,1
1613406863,74,7490,Coeurl,Wolfram Sabatons,False,1000,1
1613208774,74,7490,Coeurl,Wolfram Sabatons,True,1000,1
1613178425,74,7490,Coeurl,Wolfram Sabatons,False,999,1
1611956403,74,7490,Coeurl,Wolfram Sabatons,True,1517,1
1611956401,74,7490,Coeurl,Wolfram Sabatons,True,1516,1
1611956398,74,7490,Coeurl,Wolfram Sabatons,True,1450,1
1611956396,74,7490,Coeurl,Wolfram Sabatons,True,1449,1
1611383482,74,7490,Coeurl,Wolfram Sabatons,True,1516,1
1611366122,74,7490,Coeurl,Wolfram Sabatons,False,1510,1
1611133231,74,7490,Coeurl,Wolfram Sabatons,False,1000,1
1610420484,74,7490,Coeurl,Wolfram Sabatons,True,1990,1
1609214744,74,7490,Coeurl,Wolfram Sabatons,True,2517,1
1609080448,74,7490,Coeurl,Wolfram Sabatons,True,2515,1
1609053772,74,7490,Coeurl,Wolfram Sabatons,True,1117,1
1609053769,74,7490,Coeurl,Wolfram Sabatons,False,1000,1
1608793570,74,7490,Coeurl,Wolfram Sabatons,False,2000,1
1608330128,74,7490,Coeurl,Wolfram Sabatons,False,1106,1
1608330124,74,7490,Coeurl,Wolfram Sabatons,False,950,1
1608178403,74,7490,Coeurl,Wolfram Sabatons,True,2798,1
1606978685,74,7490,Coeurl,Wolfram Sabatons,False,5000,1
1606919113,74,7490,Coeurl,Wolfram Sabatons,False,2000,1
1606005583,74,7490,Coeurl,Wolfram Sabatons,False,2349,1
1605853372,74,7490,Coeurl,Wolfram Sabatons,True,3900,1
1604118093,74,7490,Coeurl,Wolfram Sabatons,False,4000,1
1603996402,74,7490,Coeurl,Wolfram Sabatons,False,5998,1
1603584491,74,7490,Coeurl,Wolfram Sabatons,False,5999,1
1602469614,74,7490,Coeurl,Wolfram Sabatons,True,8975,1
1601513916,74,7490,Coeurl,Wolfram Sabatons,False,6900,1
1601372543,74,7490,Coeurl,Wolfram Sabatons,False,6886,1
1601359471,74,7490,Coeurl,Wolfram Sabatons,False,6885,1
1600941267,74,7490,Coeurl,Wolfram Sabatons,True,9500,1
1599615105,74,7490,Coeurl,Wolfram Sabatons,True,15000,1
1599095158,74,7490,Coeurl,Wolfram Sabatons,False,9000,1
1592959839,74,7490,Coeurl,Wolfram Sabatons,False,3257,1
1592721759,74,7490,Coeurl,Wolfram Sabatons,False,3250,1
1592039011,74,7490,Coeurl,Wolfram Sabatons,False,7000,1
1591848741,74,7490,Coeurl,Wolfram Sabatons,False,6750,1
1591503871,74,7490,Coeurl,Wolfram Sabatons,False,6750,1
1590627041,74,7490,Coeurl,Wolfram Sabatons,True,7999,1
1590481084,74,7490,Coeurl,Wolfram Sabatons,False,7957,1
1590461504,74,7490,Coeurl,Wolfram Sabatons,False,6666,1
1590031774,74,7490,Coeurl,Wolfram Sabatons,True,8000,1
1588901184,74,7490,Coeurl,Wolfram Sabatons,False,4257,1
1649552237,91,6548,Balmung,Ash Cabinet,False,15500,1
1649375627,91,6548,Balmung,Ash Cabinet,False,15555,1
1649359799,91,6548,Balmung,Ash Cabinet,False,15548,1
1649058297,91,6548,Balmung,Ash Cabinet,False,20995,1
1648832186,91,6548,Balmung,Ash Cabinet,False,22000,1
1648699604,91,6548,Balmung,Ash Cabinet,False,22000,1
1648696610,91,6548,Balmung,Ash Cabinet,False,16000,1
1648696609,91,6548,Balmung,Ash Cabinet,False,20000,1
1648600757,91,6548,Balmung,Ash Cabinet,False,22000,1
1648502090,91,6548,Balmung,Ash Cabinet,False,21999,1
1648286316,91,6548,Balmung,Ash Cabinet,False,22000,1
1648265902,91,6548,Balmung,Ash Cabinet,False,22000,1
1648245246,91,6548,Balmung,Ash Cabinet,False,22000,1
1648242670,91,6548,Balmung,Ash Cabinet,False,21250,1
1647928387,91,6548,Balmung,Ash Cabinet,False,22000,1
1647883017,91,6548,Balmung,Ash Cabinet,False,22000,1
1647883015,91,6548,Balmung,Ash Cabinet,False,22000,1
1647821004,91,6548,Balmung,Ash Cabinet,False,20000,1
1647683025,91,6548,Balmung,Ash Cabinet,False,22000,1
1647485437,91,6548,Balmung,Ash Cabinet,False,19999,1
1647214976,91,6548,Balmung,Ash Cabinet,False,21999,1
1647144013,91,6548,Balmung,Ash Cabinet,False,11111,1
1647144002,91,6548,Balmung,Ash Cabinet,False,11100,1
1647122772,91,6548,Balmung,Ash Cabinet,False,11000,1
1647122770,91,6548,Balmung,Ash Cabinet,False,10120,1
1646554459,91,6548,Balmung,Ash Cabinet,False,11000,1
1646257701,91,6548,Balmung,Ash Cabinet,False,22000,1
1646154670,91,6548,Balmung,Ash Cabinet,False,22000,1
1646033219,91,6548,Balmung,Ash Cabinet,False,20000,1
1646033218,91,6548,Balmung,Ash Cabinet,False,21950,1
1646033216,91,6548,Balmung,Ash Cabinet,False,15000,1
1645924522,91,6548,Balmung,Ash Cabinet,False,17000,1
1645717742,91,6548,Balmung,Ash Cabinet,False,21950,1
1645657712,91,6548,Balmung,Ash Cabinet,False,22940,1
1645657711,91,6548,Balmung,Ash Cabinet,False,22939,1
1645466128,91,6548,Balmung,Ash Cabinet,False,39950,1
1645396165,91,6548,Balmung,Ash Cabinet,False,44432,1
1645294407,91,6548,Balmung,Ash Cabinet,False,49204,1
1645235631,91,6548,Balmung,Ash Cabinet,False,49205,1
1645212238,91,6548,Balmung,Ash Cabinet,False,49204,1
1645211879,91,6548,Balmung,Ash Cabinet,False,49202,1
1645211878,91,6548,Balmung,Ash Cabinet,False,49202,1
1644740447,91,6548,Balmung,Ash Cabinet,False,49984,1
1644616067,91,6548,Balmung,Ash Cabinet,False,49998,1
1644582223,91,6548,Balmung,Ash Cabinet,False,49998,1
1644428885,91,6548,Balmung,Ash Cabinet,False,50000,1
1644428881,91,6548,Balmung,Ash Cabinet,False,50000,1
1644428879,91,6548,Balmung,Ash Cabinet,False,49999,1
1644428878,91,6548,Balmung,Ash Cabinet,False,49999,1
1644428876,91,6548,Balmung,Ash Cabinet,False,49900,1
1644428874,91,6548,Balmung,Ash Cabinet,False,48999,1
1644096176,91,6548,Balmung,Ash Cabinet,False,48999,1
1644078682,91,6548,Balmung,Ash Cabinet,False,49000,1
1643844492,91,6548,Balmung,Ash Cabinet,False,40000,1
1643837242,91,6548,Balmung,Ash Cabinet,False,39999,1
1643763109,91,6548,Balmung,Ash Cabinet,False,14000,1
1643701393,91,6548,Balmung,Ash Cabinet,False,35120,1
1643543635,91,6548,Balmung,Ash Cabinet,False,40000,1
1643494031,91,6548,Balmung,Ash Cabinet,False,40000,1
1643413741,91,6548,Balmung,Ash Cabinet,False,40000,1
1643413740,91,6548,Balmung,Ash Cabinet,False,35000,1
1643412983,91,6548,Balmung,Ash Cabinet,False,20000,1
1643385186,91,6548,Balmung,Ash Cabinet,False,19500,1
1643178743,91,6548,Balmung,Ash Cabinet,False,30120,1
1643178741,91,6548,Balmung,Ash Cabinet,False,15000,1
1643161785,91,6548,Balmung,Ash Cabinet,False,15000,1
1642947222,91,6548,Balmung,Ash Cabinet,False,13000,1
1642926721,91,6548,Balmung,Ash Cabinet,False,12990,1
1642815885,91,6548,Balmung,Ash Cabinet,False,10000,1
1642815884,91,6548,Balmung,Ash Cabinet,False,10000,1
1642692461,91,6548,Balmung,Ash Cabinet,False,10000,1
1642567803,91,6548,Balmung,Ash Cabinet,False,14999,1
1642383052,91,6548,Balmung,Ash Cabinet,False,19000,1
1642381689,91,6548,Balmung,Ash Cabinet,False,16500,1
1642341664,91,6548,Balmung,Ash Cabinet,False,14444,1
1642340998,91,6548,Balmung,Ash Cabinet,False,14443,1
1642340997,91,6548,Balmung,Ash Cabinet,False,14000,1
1642340265,91,6548,Balmung,Ash Cabinet,False,10995,1
1642340262,91,6548,Balmung,Ash Cabinet,False,10995,1
1642339152,91,6548,Balmung,Ash Cabinet,False,10995,1
1642339151,91,6548,Balmung,Ash Cabinet,False,9000,1
1642338287,91,6548,Balmung,Ash Cabinet,False,8700,1
1642319176,91,6548,Balmung,Ash Cabinet,False,8500,1
1642319174,91,6548,Balmung,Ash Cabinet,False,8200,1
1642319172,91,6548,Balmung,Ash Cabinet,False,7500,1
1642319169,91,6548,Balmung,Ash Cabinet,False,4900,1
1642279133,91,6548,Balmung,Ash Cabinet,False,3000,1
1642048590,91,6548,Balmung,Ash Cabinet,False,8700,1
1641957018,91,6548,Balmung,Ash Cabinet,False,10995,1
1641957017,91,6548,Balmung,Ash Cabinet,False,10992,1
1641957015,91,6548,Balmung,Ash Cabinet,False,9000,1
1641957014,91,6548,Balmung,Ash Cabinet,False,8999,1
1641697381,91,6548,Balmung,Ash Cabinet,False,10995,1
1641697379,91,6548,Balmung,Ash Cabinet,False,10995,1
1641697378,91,6548,Balmung,Ash Cabinet,False,10995,1
1641688651,91,6548,Balmung,Ash Cabinet,False,10995,1
1641637487,91,6548,Balmung,Ash Cabinet,False,12000,1
1641637485,91,6548,Balmung,Ash Cabinet,False,11000,1
1641615788,91,6548,Balmung,Ash Cabinet,False,12000,1
1641615787,91,6548,Balmung,Ash Cabinet,False,10998,1
1641615785,91,6548,Balmung,Ash Cabinet,False,10888,1
1641613864,91,6548,Balmung,Ash Cabinet,False,10888,1
1641613862,91,6548,Balmung,Ash Cabinet,False,10777,1
1641326603,91,6548,Balmung,Ash Cabinet,False,10995,1
1641192571,91,6548,Balmung,Ash Cabinet,False,10995,1
1641126987,91,6548,Balmung,Ash Cabinet,False,10995,1
1641063651,91,6548,Balmung,Ash Cabinet,False,10900,1
1641063649,91,6548,Balmung,Ash Cabinet,False,10899,1
1640990442,91,6548,Balmung,Ash Cabinet,False,8000,1
1640982389,91,6548,Balmung,Ash Cabinet,False,7000,1
1640965839,91,6548,Balmung,Ash Cabinet,False,2999,1
1640965837,91,6548,Balmung,Ash Cabinet,False,2800,1
1640965835,91,6548,Balmung,Ash Cabinet,False,2800,1
1640926666,91,6548,Balmung,Ash Cabinet,False,2500,1
1640913621,91,6548,Balmung,Ash Cabinet,False,2499,1
1640870396,91,6548,Balmung,Ash Cabinet,False,2499,1
1640712195,91,6548,Balmung,Ash Cabinet,False,2900,1
1640633110,91,6548,Balmung,Ash Cabinet,False,1000,1
1640412252,91,6548,Balmung,Ash Cabinet,False,2500,1
1640266010,91,6548,Balmung,Ash Cabinet,False,6900,1
1640228116,91,6548,Balmung,Ash Cabinet,False,1200,1
1639941733,91,6548,Balmung,Ash Cabinet,False,6899,1
1639802747,91,6548,Balmung,Ash Cabinet,False,6800,1
1639687064,91,6548,Balmung,Ash Cabinet,False,6500,1
1639317481,91,6548,Balmung,Ash Cabinet,False,5120,1
1638987524,91,6548,Balmung,Ash Cabinet,False,9300,1
1638051774,91,6548,Balmung,Ash Cabinet,False,12000,1
1637967289,91,6548,Balmung,Ash Cabinet,False,11500,1
1637818323,91,6548,Balmung,Ash Cabinet,False,11500,1
1637606163,91,6548,Balmung,Ash Cabinet,False,13995,1
1637218696,91,6548,Balmung,Ash Cabinet,False,14440,1
1637211359,91,6548,Balmung,Ash Cabinet,False,9999,1
1637097020,91,6548,Balmung,Ash Cabinet,False,14443,1
1636925874,91,6548,Balmung,Ash Cabinet,False,15000,1
1636645778,91,6548,Balmung,Ash Cabinet,False,12000,1
1636624483,91,6548,Balmung,Ash Cabinet,False,10000,1
1636409653,91,6548,Balmung,Ash Cabinet,False,2999,1
1636340009,91,6548,Balmung,Ash Cabinet,False,2995,1
1636130693,91,6548,Balmung,Ash Cabinet,False,2998,1
1636056876,91,6548,Balmung,Ash Cabinet,False,2997,1
1635924262,91,6548,Balmung,Ash Cabinet,False,2997,1
1635863285,91,6548,Balmung,Ash Cabinet,False,2000,1
1635542098,91,6548,Balmung,Ash Cabinet,False,4995,1
1635465940,91,6548,Balmung,Ash Cabinet,False,5999,1
1635321755,91,6548,Balmung,Ash Cabinet,False,10880,1
1635179223,91,6548,Balmung,Ash Cabinet,False,10900,1
1635036715,91,6548,Balmung,Ash Cabinet,False,11500,1
1634833750,91,6548,Balmung,Ash Cabinet,False,15200,1
1634810048,91,6548,Balmung,Ash Cabinet,False,15200,1
1634810044,91,6548,Balmung,Ash Cabinet,False,7000,1
1634810041,91,6548,Balmung,Ash Cabinet,False,6199,1
1634584005,91,6548,Balmung,Ash Cabinet,False,15490,1
1634388650,91,6548,Balmung,Ash Cabinet,False,17100,1
1634388648,91,6548,Balmung,Ash Cabinet,False,17020,1
1634388647,91,6548,Balmung,Ash Cabinet,False,15000,1
1634272597,91,6548,Balmung,Ash Cabinet,False,17099,1
1634245027,91,6548,Balmung,Ash Cabinet,False,16900,1
1634001722,91,6548,Balmung,Ash Cabinet,False,17500,1
1633938338,91,6548,Balmung,Ash Cabinet,False,18800,1
1633938336,91,6548,Balmung,Ash Cabinet,False,18800,1
1633853114,91,6548,Balmung,Ash Cabinet,False,18800,1
1633585224,91,6548,Balmung,Ash Cabinet,False,19699,1
1633472765,91,6548,Balmung,Ash Cabinet,False,23950,1
1633375488,91,6548,Balmung,Ash Cabinet,False,23995,1
1633245929,91,6548,Balmung,Ash Cabinet,False,28950,1
1632947266,91,6548,Balmung,Ash Cabinet,False,31994,1
1632947073,91,6548,Balmung,Ash Cabinet,False,29850,1
1632647507,91,6548,Balmung,Ash Cabinet,False,31000,1
1632464010,91,6548,Balmung,Ash Cabinet,False,32400,1
1632464009,91,6548,Balmung,Ash Cabinet,False,32300,1
1632340176,91,6548,Balmung,Ash Cabinet,False,34000,1
1632339210,91,6548,Balmung,Ash Cabinet,False,33999,1
1632252310,91,6548,Balmung,Ash Cabinet,False,28000,1
1632252306,91,6548,Balmung,Ash Cabinet,False,23000,1
1632187170,91,6548,Balmung,Ash Cabinet,False,26666,1
1631937447,91,6548,Balmung,Ash Cabinet,False,40000,1
1631762734,91,6548,Balmung,Ash Cabinet,False,39000,1
1631672775,91,6548,Balmung,Ash Cabinet,False,20400,1
1631672772,91,6548,Balmung,Ash Cabinet,False,20222,1
1631672448,91,6548,Balmung,Ash Cabinet,False,20000,1
1631672445,91,6548,Balmung,Ash Cabinet,False,18999,1
1631672443,91,6548,Balmung,Ash Cabinet,False,18000,1
1631592987,91,6548,Balmung,Ash Cabinet,False,18995,1
1631592986,91,6548,Balmung,Ash Cabinet,False,18990,1
1631592985,91,6548,Balmung,Ash Cabinet,False,18900,1
1631425651,91,6548,Balmung,Ash Cabinet,False,18000,1
1631425648,91,6548,Balmung,Ash Cabinet,False,17997,1
1631231578,91,6548,Balmung,Ash Cabinet,False,19700,1
1631154795,91,6548,Balmung,Ash Cabinet,False,9000,1
1631038463,91,6548,Balmung,Ash Cabinet,False,7000,1
1630762243,91,6548,Balmung,Ash Cabinet,False,6120,1
1630738109,91,6548,Balmung,Ash Cabinet,False,6119,1
1630717751,91,6548,Balmung,Ash Cabinet,False,6120,1
1630717750,91,6548,Balmung,Ash Cabinet,False,6001,1
1630672091,91,6548,Balmung,Ash Cabinet,False,5500,1
1630654826,91,6548,Balmung,Ash Cabinet,False,5499,1
1630654826,91,6548,Balmung,Ash Cabinet,False,4200,1
1630624483,91,6548,Balmung,Ash Cabinet,False,5000,1
1630607347,91,6548,Balmung,Ash Cabinet,False,5500,1
1630596793,91,6548,Balmung,Ash Cabinet,False,5000,1
1630208961,91,6548,Balmung,Ash Cabinet,False,6000,1
1630016125,91,6548,Balmung,Ash Cabinet,False,6999,1
1629942555,91,6548,Balmung,Ash Cabinet,False,7800,1
1629855519,91,6548,Balmung,Ash Cabinet,False,7800,1
1629855518,91,6548,Balmung,Ash Cabinet,False,7799,1
1629855517,91,6548,Balmung,Ash Cabinet,False,7798,1
1629686498,91,6548,Balmung,Ash Cabinet,False,7800,1
1629603111,91,6548,Balmung,Ash Cabinet,False,7120,1
1629568415,91,6548,Balmung,Ash Cabinet,False,7600,1
1629505126,91,6548,Balmung,Ash Cabinet,False,7800,1
1629338675,91,6548,Balmung,Ash Cabinet,False,7999,1
1629290334,91,6548,Balmung,Ash Cabinet,False,7900,1
1628936303,91,6548,Balmung,Ash Cabinet,False,19999,1
1628929561,91,6548,Balmung,Ash Cabinet,False,19999,1
1628791906,91,6548,Balmung,Ash Cabinet,False,19000,1
1628790093,91,6548,Balmung,Ash Cabinet,False,13500,1
1628740581,91,6548,Balmung,Ash Cabinet,False,13300,1
1628737178,91,6548,Balmung,Ash Cabinet,False,13300,1
1628734252,91,6548,Balmung,Ash Cabinet,False,13300,1
1628734239,91,6548,Balmung,Ash Cabinet,False,13000,1
1628556075,91,6548,Balmung,Ash Cabinet,False,12000,1
1628554410,91,6548,Balmung,Ash Cabinet,False,11000,1
1628534226,91,6548,Balmung,Ash Cabinet,False,9000,1
1628498600,91,6548,Balmung,Ash Cabinet,False,8700,1
1628479896,91,6548,Balmung,Ash Cabinet,False,8720,1
1628479894,91,6548,Balmung,Ash Cabinet,False,8700,1
1628463713,91,6548,Balmung,Ash Cabinet,False,8699,1
1628314351,91,6548,Balmung,Ash Cabinet,False,8000,1
1628302464,91,6548,Balmung,Ash Cabinet,False,5000,1
1628302462,91,6548,Balmung,Ash Cabinet,False,4000,1
1628094824,91,6548,Balmung,Ash Cabinet,False,8800,1
1628094822,91,6548,Balmung,Ash Cabinet,False,8750,1
1628060336,91,6548,Balmung,Ash Cabinet,False,8000,1
1627940372,91,6548,Balmung,Ash Cabinet,False,8999,1
1627628941,91,6548,Balmung,Ash Cabinet,False,10900,1
1627581724,91,6548,Balmung,Ash Cabinet,False,10899,1
1627526260,91,6548,Balmung,Ash Cabinet,False,10895,1
1627490948,91,6548,Balmung,Ash Cabinet,False,10890,1
1627339523,91,6548,Balmung,Ash Cabinet,False,10989,1
1626927068,91,6548,Balmung,Ash Cabinet,False,10800,1
1626870308,91,6548,Balmung,Ash Cabinet,False,10700,1
1626520555,91,6548,Balmung,Ash Cabinet,False,10800,1
1626435974,91,6548,Balmung,Ash Cabinet,False,10000,1
1626391605,91,6548,Balmung,Ash Cabinet,False,9000,1
1626286634,91,6548,Balmung,Ash Cabinet,False,10800,1
1626098746,91,6548,Balmung,Ash Cabinet,False,10120,1
1626098743,91,6548,Balmung,Ash Cabinet,False,9900,1
1626098437,91,6548,Balmung,Ash Cabinet,False,8000,1
1626098436,91,6548,Balmung,Ash Cabinet,False,7900,1
1625949257,91,6548,Balmung,Ash Cabinet,False,8000,1
1625865586,91,6548,Balmung,Ash Cabinet,False,9900,1
1625862066,91,6548,Balmung,Ash Cabinet,False,9900,1
1625818526,91,6548,Balmung,Ash Cabinet,False,9900,1
1625800918,91,6548,Balmung,Ash Cabinet,False,11800,1
1625800871,91,6548,Balmung,Ash Cabinet,False,9995,1
1625735889,91,6548,Balmung,Ash Cabinet,False,9995,1
1625735888,91,6548,Balmung,Ash Cabinet,False,9995,1
1625735887,91,6548,Balmung,Ash Cabinet,False,9995,1
1625620685,91,6548,Balmung,Ash Cabinet,False,11800,1
1625620683,91,6548,Balmung,Ash Cabinet,False,11800,1
1625620681,91,6548,Balmung,Ash Cabinet,False,11800,1
1625620680,91,6548,Balmung,Ash Cabinet,False,11800,1
1625599978,91,6548,Balmung,Ash Cabinet,False,11700,1
1625502216,91,6548,Balmung,Ash Cabinet,False,11800,1
1625502215,91,6548,Balmung,Ash Cabinet,False,11800,1
1625284108,91,6548,Balmung,Ash Cabinet,False,19120,1
1625244111,91,6548,Balmung,Ash Cabinet,False,14000,1
1625244110,91,6548,Balmung,Ash Cabinet,False,13799,1
1625244109,91,6548,Balmung,Ash Cabinet,False,13000,1
1625244107,91,6548,Balmung,Ash Cabinet,False,12400,1
1625244106,91,6548,Balmung,Ash Cabinet,False,11850,1
1625244104,91,6548,Balmung,Ash Cabinet,False,11847,1
1625244103,91,6548,Balmung,Ash Cabinet,False,11000,1
1625244102,91,6548,Balmung,Ash Cabinet,False,11000,1
1625244100,91,6548,Balmung,Ash Cabinet,False,11000,1
1624904511,91,6548,Balmung,Ash Cabinet,False,11846,1
1624646599,91,6548,Balmung,Ash Cabinet,False,12500,1
1624646597,91,6548,Balmung,Ash Cabinet,False,12500,1
1624292523,91,6548,Balmung,Ash Cabinet,False,11700,1
1624252211,91,6548,Balmung,Ash Cabinet,False,11700,1
1624252208,91,6548,Balmung,Ash Cabinet,False,11700,1
1624252206,91,6548,Balmung,Ash Cabinet,False,11700,1
1624250503,91,6548,Balmung,Ash Cabinet,False,11700,1
1624078910,91,6548,Balmung,Ash Cabinet,False,11897,1
1624078129,91,6548,Balmung,Ash Cabinet,False,11800,1
1624061533,91,6548,Balmung,Ash Cabinet,False,10000,1
1624061296,91,6548,Balmung,Ash Cabinet,False,10000,1
1624054098,91,6548,Balmung,Ash Cabinet,False,9998,1
1623850475,91,6548,Balmung,Ash Cabinet,False,11500,1
1623705126,91,6548,Balmung,Ash Cabinet,False,11900,1
1623697145,91,6548,Balmung,Ash Cabinet,False,7000,1
1623565666,91,6548,Balmung,Ash Cabinet,False,12800,1
1623357810,91,6548,Balmung,Ash Cabinet,False,12800,1
1623209496,91,6548,Balmung,Ash Cabinet,False,13300,1
1623182260,91,6548,Balmung,Ash Cabinet,False,13300,1
1623125042,91,6548,Balmung,Ash Cabinet,False,13300,1
1623041155,91,6548,Balmung,Ash Cabinet,False,13300,1
1623041153,91,6548,Balmung,Ash Cabinet,False,13300,1
1623029651,91,6548,Balmung,Ash Cabinet,False,13300,1
1623023981,91,6548,Balmung,Ash Cabinet,False,13299,1
1622942766,91,6548,Balmung,Ash Cabinet,False,13500,1
1622815145,91,6548,Balmung,Ash Cabinet,False,13500,1
1622768713,91,6548,Balmung,Ash Cabinet,False,13500,1
1622665904,91,6548,Balmung,Ash Cabinet,False,12000,1
1622288003,91,6548,Balmung,Ash Cabinet,False,13800,1
1622214673,91,6548,Balmung,Ash Cabinet,False,13620,1
1622163575,91,6548,Balmung,Ash Cabinet,False,13500,1
1622128110,91,6548,Balmung,Ash Cabinet,False,13700,1
1621969785,91,6548,Balmung,Ash Cabinet,False,13800,1
1621836423,91,6548,Balmung,Ash Cabinet,False,13998,1
1621793927,91,6548,Balmung,Ash Cabinet,False,10400,1
1621793924,91,6548,Balmung,Ash Cabinet,False,10200,1
1621793922,91,6548,Balmung,Ash Cabinet,False,10200,1
1621793920,91,6548,Balmung,Ash Cabinet,False,10200,1
1621734121,91,6548,Balmung,Ash Cabinet,False,10199,1
1621668966,91,6548,Balmung,Ash Cabinet,False,10200,1
1621650042,91,6548,Balmung,Ash Cabinet,False,10200,1
1621480234,91,6548,Balmung,Ash Cabinet,False,8000,1
1621480232,91,6548,Balmung,Ash Cabinet,False,7001,1
1621385857,91,6548,Balmung,Ash Cabinet,False,7000,1
1621353000,91,6548,Balmung,Ash Cabinet,False,7999,1
1621219530,91,6548,Balmung,Ash Cabinet,False,10000,1
1621219528,91,6548,Balmung,Ash Cabinet,False,10000,1
1621210463,91,6548,Balmung,Ash Cabinet,False,10200,1
1621210462,91,6548,Balmung,Ash Cabinet,False,10200,1
1621164930,91,6548,Balmung,Ash Cabinet,False,13000,1
1620869992,91,6548,Balmung,Ash Cabinet,False,19000,1
1620836381,91,6548,Balmung,Ash Cabinet,False,20000,1
1620828290,91,6548,Balmung,Ash Cabinet,False,20000,1
1620828288,91,6548,Balmung,Ash Cabinet,False,20000,1
1620824335,91,6548,Balmung,Ash Cabinet,False,20000,1
1620824334,91,6548,Balmung,Ash Cabinet,False,19500,1
1620823683,91,6548,Balmung,Ash Cabinet,False,18222,1
1620772972,91,6548,Balmung,Ash Cabinet,False,18222,1
1620602708,91,6548,Balmung,Ash Cabinet,False,20800,1
1620554038,91,6548,Balmung,Ash Cabinet,False,20750,1
1620518761,91,6548,Balmung,Ash Cabinet,False,20800,1
1620271667,91,6548,Balmung,Ash Cabinet,False,22000,1
1620186952,91,6548,Balmung,Ash Cabinet,False,22000,1
1620007978,91,6548,Balmung,Ash Cabinet,False,23999,1
1619994572,91,6548,Balmung,Ash Cabinet,False,23980,1
1619973121,91,6548,Balmung,Ash Cabinet,False,23999,1
1619891463,91,6548,Balmung,Ash Cabinet,False,23999,1
1619891427,91,6548,Balmung,Ash Cabinet,False,23500,1
1619844187,91,6548,Balmung,Ash Cabinet,False,23500,1
1619603575,91,6548,Balmung,Ash Cabinet,False,25000,1
1619594968,91,6548,Balmung,Ash Cabinet,False,24970,1
1619594967,91,6548,Balmung,Ash Cabinet,False,24900,1
1619219407,91,6548,Balmung,Ash Cabinet,False,28900,1
1619107062,91,6548,Balmung,Ash Cabinet,False,29948,1
1618794460,91,6548,Balmung,Ash Cabinet,False,28000,1
1618794458,91,6548,Balmung,Ash Cabinet,False,26000,1
1618229180,91,6548,Balmung,Ash Cabinet,False,32000,1
1618207673,91,6548,Balmung,Ash Cabinet,False,31000,1
1618207672,91,6548,Balmung,Ash Cabinet,False,30999,1
1618182751,91,6548,Balmung,Ash Cabinet,False,5120,1
1618011792,91,6548,Balmung,Ash Cabinet,False,31500,1
1617761190,91,6548,Balmung,Ash Cabinet,False,29900,1
1617757462,91,6548,Balmung,Ash Cabinet,False,25000,1
1617742248,91,6548,Balmung,Ash Cabinet,False,29000,1
1617742247,91,6548,Balmung,Ash Cabinet,False,25000,1
1617505499,91,6548,Balmung,Ash Cabinet,False,29900,1
1617478137,91,6548,Balmung,Ash Cabinet,False,19999,1
1617343092,91,6548,Balmung,Ash Cabinet,False,29998,1
1617312958,91,6548,Balmung,Ash Cabinet,False,25000,1
1617112293,91,6548,Balmung,Ash Cabinet,False,29900,1
1616785021,91,6548,Balmung,Ash Cabinet,False,40000,1
1616739999,91,6548,Balmung,Ash Cabinet,False,38000,1
1616721319,91,6548,Balmung,Ash Cabinet,False,32000,1
1616720883,91,6548,Balmung,Ash Cabinet,False,32000,1
1616651749,91,6548,Balmung,Ash Cabinet,False,32000,1
1616468997,91,6548,Balmung,Ash Cabinet,False,40000,1
1616468995,91,6548,Balmung,Ash Cabinet,False,39999,1
1616376131,91,6548,Balmung,Ash Cabinet,False,40000,1
1616207555,91,6548,Balmung,Ash Cabinet,False,40000,1
1616134748,91,6548,Balmung,Ash Cabinet,False,35000,1
1616107519,91,6548,Balmung,Ash Cabinet,False,35000,1
1615945715,91,6548,Balmung,Ash Cabinet,False,40120,1
1615860790,91,6548,Balmung,Ash Cabinet,False,9699,1
1615857992,91,6548,Balmung,Ash Cabinet,False,40000,1
1615679853,91,6548,Balmung,Ash Cabinet,False,40000,1
1615667799,91,6548,Balmung,Ash Cabinet,False,39750,1
1615665612,91,6548,Balmung,Ash Cabinet,False,30000,1
1615663955,91,6548,Balmung,Ash Cabinet,False,30000,1
1615658919,91,6548,Balmung,Ash Cabinet,False,18888,1
1615658919,91,6548,Balmung,Ash Cabinet,False,30000,1
1615658917,91,6548,Balmung,Ash Cabinet,False,16500,1
1615658917,91,6548,Balmung,Ash Cabinet,False,17000,1
1615658169,91,6548,Balmung,Ash Cabinet,False,16400,1
1615441718,91,6548,Balmung,Ash Cabinet,False,20120,1
1615357187,91,6548,Balmung,Ash Cabinet,False,44000,1
1615318371,91,6548,Balmung,Ash Cabinet,False,40000,1
1615126496,91,6548,Balmung,Ash Cabinet,False,44120,1
1614927716,91,6548,Balmung,Ash Cabinet,False,18000,1
1614834611,91,6548,Balmung,Ash Cabinet,False,31000,1
1614834610,91,6548,Balmung,Ash Cabinet,False,26899,1
1614834125,91,6548,Balmung,Ash Cabinet,False,18500,1
1614834123,91,6548,Balmung,Ash Cabinet,False,18120,1
1614748371,91,6548,Balmung,Ash Cabinet,False,25000,1
1614743424,91,6548,Balmung,Ash Cabinet,False,23000,1
1614695391,91,6548,Balmung,Ash Cabinet,False,20000,1
1614647897,91,6548,Balmung,Ash Cabinet,False,20000,1
1614642322,91,6548,Balmung,Ash Cabinet,False,19997,1
1614609224,91,6548,Balmung,Ash Cabinet,False,9999,1
1614568386,91,6548,Balmung,Ash Cabinet,False,23000,1
1614568385,91,6548,Balmung,Ash Cabinet,False,22000,1
1614563635,91,6548,Balmung,Ash Cabinet,False,18000,1
1614223085,91,6548,Balmung,Ash Cabinet,False,24899,1
1614216092,91,6548,Balmung,Ash Cabinet,False,20000,1
1614208014,91,6548,Balmung,Ash Cabinet,False,19900,1
1614101664,91,6548,Balmung,Ash Cabinet,False,22000,1
1614049194,91,6548,Balmung,Ash Cabinet,False,24800,1
1614000758,91,6548,Balmung,Ash Cabinet,False,58999,1
1613956884,91,6548,Balmung,Ash Cabinet,False,58999,1
1613905888,91,6548,Balmung,Ash Cabinet,False,55000,1
1613818772,91,6548,Balmung,Ash Cabinet,False,58999,1
1613703710,91,6548,Balmung,Ash Cabinet,False,25999,1
1613603874,91,6548,Balmung,Ash Cabinet,False,59998,1
1613548484,91,6548,Balmung,Ash Cabinet,False,28000,1
1613533995,91,6548,Balmung,Ash Cabinet,False,32000,1
1613486839,91,6548,Balmung,Ash Cabinet,False,39999,1
1613486831,91,6548,Balmung,Ash Cabinet,False,35000,1
1613440577,91,6548,Balmung,Ash Cabinet,False,21999,1
1613440576,91,6548,Balmung,Ash Cabinet,False,21999,1
1613440575,91,6548,Balmung,Ash Cabinet,False,21999,1
1613440574,91,6548,Balmung,Ash Cabinet,False,21999,1
1613264293,91,6548,Balmung,Ash Cabinet,False,21999,1
1613220399,91,6548,Balmung,Ash Cabinet,False,21000,1
1613219618,91,6548,Balmung,Ash Cabinet,False,11999,1
1613188053,91,6548,Balmung,Ash Cabinet,False,5000,1
1613188052,91,6548,Balmung,Ash Cabinet,False,5000,1
1613188050,91,6548,Balmung,Ash Cabinet,False,5000,1
1613188049,91,6548,Balmung,Ash Cabinet,False,5000,1
1613188047,91,6548,Balmung,Ash Cabinet,False,5000,1
1613188045,91,6548,Balmung,Ash Cabinet,False,5000,1
1612996931,91,6548,Balmung,Ash Cabinet,False,5000,1
1612996930,91,6548,Balmung,Ash Cabinet,False,4975,1
1612801297,91,6548,Balmung,Ash Cabinet,False,21000,1
1612495340,91,6548,Balmung,Ash Cabinet,False,22000,1
1612405912,91,6548,Balmung,Ash Cabinet,False,19999,1
1612239938,91,6548,Balmung,Ash Cabinet,False,20000,1
1612210312,91,6548,Balmung,Ash Cabinet,False,12500,1
1612127343,91,6548,Balmung,Ash Cabinet,False,22999,1
1612110181,91,6548,Balmung,Ash Cabinet,False,23000,1
1611955533,91,6548,Balmung,Ash Cabinet,False,23000,1
1611892813,91,6548,Balmung,Ash Cabinet,False,23000,1
1611828107,91,6548,Balmung,Ash Cabinet,False,24000,1
1611828106,91,6548,Balmung,Ash Cabinet,False,24000,1
1611821867,91,6548,Balmung,Ash Cabinet,False,23500,1
1611821845,91,6548,Balmung,Ash Cabinet,False,22000,1
1611610979,91,6548,Balmung,Ash Cabinet,False,23000,1
1611591314,91,6548,Balmung,Ash Cabinet,False,23000,1
1611475544,91,6548,Balmung,Ash Cabinet,False,23000,1
1611468378,91,6548,Balmung,Ash Cabinet,False,23000,1
1611453983,91,6548,Balmung,Ash Cabinet,False,23000,1
1611369146,91,6548,Balmung,Ash Cabinet,False,23000,1
1611186193,91,6548,Balmung,Ash Cabinet,False,24000,1
1610726055,91,6548,Balmung,Ash Cabinet,False,29980,1
1610611132,91,6548,Balmung,Ash Cabinet,False,21120,1
1610606940,91,6548,Balmung,Ash Cabinet,False,19999,1
1610574959,91,6548,Balmung,Ash Cabinet,False,19000,1
1610220881,91,6548,Balmung,Ash Cabinet,False,19998,1
1610117327,91,6548,Balmung,Ash Cabinet,False,10000,1
1610071187,91,6548,Balmung,Ash Cabinet,False,10000,1
1609977417,91,6548,Balmung,Ash Cabinet,False,10000,1
1609702208,91,6548,Balmung,Ash Cabinet,False,30000,1
1609628575,91,6548,Balmung,Ash Cabinet,False,30000,1
1609358566,91,6548,Balmung,Ash Cabinet,False,35000,1
1609038582,91,6548,Balmung,Ash Cabinet,False,34999,1
1609009116,91,6548,Balmung,Ash Cabinet,False,33000,1
1608999690,91,6548,Balmung,Ash Cabinet,False,18999,1
1608999689,91,6548,Balmung,Ash Cabinet,False,18999,1
1608999687,91,6548,Balmung,Ash Cabinet,False,18500,1
1608820235,91,6548,Balmung,Ash Cabinet,False,23499,1
1608699423,91,6548,Balmung,Ash Cabinet,False,20000,1
1608531682,91,6548,Balmung,Ash Cabinet,False,21995,1
1608524716,91,6548,Balmung,Ash Cabinet,False,21995,1
1606280024,91,6548,Balmung,Ash Cabinet,False,21000,1
1606255345,91,6548,Balmung,Ash Cabinet,False,18999,1
1605976795,91,6548,Balmung,Ash Cabinet,False,17890,1
1605918729,91,6548,Balmung,Ash Cabinet,False,18800,1
1605886407,91,6548,Balmung,Ash Cabinet,False,18800,1
1605650617,91,6548,Balmung,Ash Cabinet,False,18900,1
1605650616,91,6548,Balmung,Ash Cabinet,False,18500,1
1605503424,91,6548,Balmung,Ash Cabinet,False,18000,1
1605428383,91,6548,Balmung,Ash Cabinet,False,18999,1
1605321779,91,6548,Balmung,Ash Cabinet,False,18998,1
1605080571,91,6548,Balmung,Ash Cabinet,False,22000,1
1605035259,91,6548,Balmung,Ash Cabinet,False,20120,1
1605031684,91,6548,Balmung,Ash Cabinet,False,18995,1
1604829143,91,6548,Balmung,Ash Cabinet,False,18000,1
1604829142,91,6548,Balmung,Ash Cabinet,False,17999,1
1604829140,91,6548,Balmung,Ash Cabinet,False,17900,1
1604817678,91,6548,Balmung,Ash Cabinet,False,17000,1
1604665325,91,6548,Balmung,Ash Cabinet,False,17900,1
1604623407,91,6548,Balmung,Ash Cabinet,False,17850,1
1604375748,91,6548,Balmung,Ash Cabinet,False,18999,1
1599491744,91,6548,Balmung,Ash Cabinet,False,10000,1
1599450397,91,6548,Balmung,Ash Cabinet,False,10950,1
1599431562,91,6548,Balmung,Ash Cabinet,False,10950,1
1599419008,91,6548,Balmung,Ash Cabinet,False,10950,1
1599196134,91,6548,Balmung,Ash Cabinet,False,10949,1
1599170147,91,6548,Balmung,Ash Cabinet,False,10950,1
1599123534,91,6548,Balmung,Ash Cabinet,False,10950,1
1598914748,91,6548,Balmung,Ash Cabinet,False,10000,1
1598829384,91,6548,Balmung,Ash Cabinet,False,10950,1
1598829383,91,6548,Balmung,Ash Cabinet,False,10950,1
1598577354,91,6548,Balmung,Ash Cabinet,False,10950,1
1598160706,91,6548,Balmung,Ash Cabinet,False,12950,1
1598160700,91,6548,Balmung,Ash Cabinet,False,12950,1
1597789755,91,6548,Balmung,Ash Cabinet,False,14949,1
1597742892,91,6548,Balmung,Ash Cabinet,False,14947,1
1597722286,91,6548,Balmung,Ash Cabinet,False,14946,1
1597575913,91,6548,Balmung,Ash Cabinet,False,14945,1
1597547740,91,6548,Balmung,Ash Cabinet,False,14800,1
1597445779,91,6548,Balmung,Ash Cabinet,False,12054,1
1597359344,91,6548,Balmung,Ash Cabinet,False,14950,1
1597359342,91,6548,Balmung,Ash Cabinet,False,14950,1
1597349644,91,6548,Balmung,Ash Cabinet,False,14950,1
1597349324,91,6548,Balmung,Ash Cabinet,False,14950,1
1597349322,91,6548,Balmung,Ash Cabinet,False,925,1
1597019159,91,6548,Balmung,Ash Cabinet,False,18850,1
1596764918,91,6548,Balmung,Ash Cabinet,False,18000,1
1596538227,91,6548,Balmung,Ash Cabinet,False,22850,1
1596506549,91,6548,Balmung,Ash Cabinet,False,22850,1
1596468466,91,6548,Balmung,Ash Cabinet,False,22850,1
1596409710,91,6548,Balmung,Ash Cabinet,False,22850,1
1596409709,91,6548,Balmung,Ash Cabinet,False,22850,1
1596385436,91,6548,Balmung,Ash Cabinet,False,22850,1
1596384492,91,6548,Balmung,Ash Cabinet,False,12000,1
1596382547,91,6548,Balmung,Ash Cabinet,False,12000,1
1595065947,91,6548,Balmung,Ash Cabinet,False,21999,1
1595065946,91,6548,Balmung,Ash Cabinet,False,21544,1
1595065944,91,6548,Balmung,Ash Cabinet,False,21000,1
1595065943,91,6548,Balmung,Ash Cabinet,False,20900,1
1594929932,91,6548,Balmung,Ash Cabinet,False,21999,1
1594929930,91,6548,Balmung,Ash Cabinet,False,15000,1
1594569492,91,6548,Balmung,Ash Cabinet,False,23500,1
1594305209,91,6548,Balmung,Ash Cabinet,False,23850,1
1594016585,91,6548,Balmung,Ash Cabinet,False,19900,1
1594016583,91,6548,Balmung,Ash Cabinet,False,19400,1
1591394313,91,6548,Balmung,Ash Cabinet,False,39000,1
1590965679,91,6548,Balmung,Ash Cabinet,False,42000,1
1590965258,91,6548,Balmung,Ash Cabinet,False,42000,1
1590965255,91,6548,Balmung,Ash Cabinet,False,41900,1
1590884190,91,6548,Balmung,Ash Cabinet,False,42000,1
1590884189,91,6548,Balmung,Ash Cabinet,False,42000,1
1590884188,91,6548,Balmung,Ash Cabinet,False,41500,1
1590582188,91,6548,Balmung,Ash Cabinet,False,41500,1
1590505070,91,6548,Balmung,Ash Cabinet,False,42000,1
1590497121,91,6548,Balmung,Ash Cabinet,False,42000,1
1589196977,91,6548,Balmung,Ash Cabinet,False,6053,1
1589154483,91,6548,Balmung,Ash Cabinet,False,5500,1
1589139789,91,6548,Balmung,Ash Cabinet,False,2054,1
1589022327,91,6548,Balmung,Ash Cabinet,False,4500,1
1588997469,91,6548,Balmung,Ash Cabinet,False,4154,1
1588762224,91,6548,Balmung,Ash Cabinet,False,14998,1
1588762223,91,6548,Balmung,Ash Cabinet,False,14998,1
1588653259,91,6548,Balmung,Ash Cabinet,False,14975,1
1588559522,91,6548,Balmung,Ash Cabinet,False,14999,1
1588296177,91,6548,Balmung,Ash Cabinet,False,15000,1
1588295816,91,6548,Balmung,Ash Cabinet,False,10000,1
1588295815,91,6548,Balmung,Ash Cabinet,False,10000,1
1588283618,91,6548,Balmung,Ash Cabinet,False,9750,1
1588213389,91,6548,Balmung,Ash Cabinet,False,9500,1
1588201557,91,6548,Balmung,Ash Cabinet,False,9500,1
1588179633,91,6548,Balmung,Ash Cabinet,False,9500,1
1587961369,91,6548,Balmung,Ash Cabinet,False,9800,1
1587682205,91,6548,Balmung,Ash Cabinet,False,9500,1
1587528051,91,6548,Balmung,Ash Cabinet,False,40000,1
1587453211,91,6548,Balmung,Ash Cabinet,False,20000,1
1586650876,91,6548,Balmung,Ash Cabinet,False,40000,1
1586650875,91,6548,Balmung,Ash Cabinet,False,40000,1
1586621011,91,6548,Balmung,Ash Cabinet,False,40000,1
1586592015,91,6548,Balmung,Ash Cabinet,False,40000,1
1586293093,91,6548,Balmung,Ash Cabinet,False,34000,1
1585371931,91,6548,Balmung,Ash Cabinet,False,37000,1
1585351923,91,6548,Balmung,Ash Cabinet,False,37000,1
1585199974,91,6548,Balmung,Ash Cabinet,False,35000,1
1585089427,91,6548,Balmung,Ash Cabinet,False,36500,1
1584987945,91,6548,Balmung,Ash Cabinet,False,36000,1
1576210924,91,6548,Balmung,Ash Cabinet,False,28698,1
1576145317,91,6548,Balmung,Ash Cabinet,False,29999,1
1576113305,91,6548,Balmung,Ash Cabinet,False,27999,1
1576103705,91,6548,Balmung,Ash Cabinet,False,27998,1
1575938820,91,6548,Balmung,Ash Cabinet,False,28725,1
1575431752,91,6548,Balmung,Ash Cabinet,False,29990,1
1575431751,91,6548,Balmung,Ash Cabinet,False,29985,1
1575353170,91,6548,Balmung,Ash Cabinet,False,31993,1
1575345521,91,6548,Balmung,Ash Cabinet,False,31993,1
1649541470,91,7490,Balmung,Wolfram Sabatons,True,2000,1
1649487637,91,7490,Balmung,Wolfram Sabatons,True,1799,1
1649487636,91,7490,Balmung,Wolfram Sabatons,True,1750,1
1649487634,91,7490,Balmung,Wolfram Sabatons,True,1750,1
1649487633,91,7490,Balmung,Wolfram Sabatons,False,1749,1
1649468630,91,7490,Balmung,Wolfram Sabatons,False,1748,1
1649325690,91,7490,Balmung,Wolfram Sabatons,True,1417,1
1649325688,91,7490,Balmung,Wolfram Sabatons,True,1415,1
1649325687,91,7490,Balmung,Wolfram Sabatons,True,1300,1
1649312737,91,7490,Balmung,Wolfram Sabatons,False,1294,1
1649312734,91,7490,Balmung,Wolfram Sabatons,False,1100,1
1649312731,91,7490,Balmung,Wolfram Sabatons,False,1095,1
1648994882,91,7490,Balmung,Wolfram Sabatons,True,855,1
1648994879,91,7490,Balmung,Wolfram Sabatons,True,849,1
1648994874,91,7490,Balmung,Wolfram Sabatons,True,848,1
1648920932,91,7490,Balmung,Wolfram Sabatons,True,849,1
1648920930,91,7490,Balmung,Wolfram Sabatons,True,700,1
1648920927,91,7490,Balmung,Wolfram Sabatons,False,700,1
1648438379,91,7490,Balmung,Wolfram Sabatons,False,1100,1
1648438376,91,7490,Balmung,Wolfram Sabatons,False,1111,1
1648438372,91,7490,Balmung,Wolfram Sabatons,False,1090,1
1648431584,91,7490,Balmung,Wolfram Sabatons,False,1000,1
1648362685,91,7490,Balmung,Wolfram Sabatons,True,1089,1
1648235161,91,7490,Balmung,Wolfram Sabatons,False,1399,1
1648191385,91,7490,Balmung,Wolfram Sabatons,False,1350,1
1647755044,91,7490,Balmung,Wolfram Sabatons,False,1395,1
1647703040,91,7490,Balmung,Wolfram Sabatons,False,900,1
1647703039,91,7490,Balmung,Wolfram Sabatons,True,800,1
1647703039,91,7490,Balmung,Wolfram Sabatons,True,888,1
1647703038,91,7490,Balmung,Wolfram Sabatons,True,701,1
1647644588,91,7490,Balmung,Wolfram Sabatons,True,790,1
1647408743,91,7490,Balmung,Wolfram Sabatons,False,974,1
1647161480,91,7490,Balmung,Wolfram Sabatons,True,951,1
1646614259,91,7490,Balmung,Wolfram Sabatons,False,1495,1
1646552901,91,7490,Balmung,Wolfram Sabatons,True,1399,1
1646419104,91,7490,Balmung,Wolfram Sabatons,False,997,1
1646419100,91,7490,Balmung,Wolfram Sabatons,True,950,1
1646230005,91,7490,Balmung,Wolfram Sabatons,True,117,1
1646017245,91,7490,Balmung,Wolfram Sabatons,False,900,1
1646007287,91,7490,Balmung,Wolfram Sabatons,False,650,1
1646007284,91,7490,Balmung,Wolfram Sabatons,True,600,1
1646007282,91,7490,Balmung,Wolfram Sabatons,False,599,1
1645747755,91,7490,Balmung,Wolfram Sabatons,True,500,1
1645420095,91,7490,Balmung,Wolfram Sabatons,True,1999,1
1645417636,91,7490,Balmung,Wolfram Sabatons,True,1496,1
1644581574,91,7490,Balmung,Wolfram Sabatons,True,2115,1
1644513342,91,7490,Balmung,Wolfram Sabatons,False,1774,1
1644513340,91,7490,Balmung,Wolfram Sabatons,False,1775,1
1644513338,91,7490,Balmung,Wolfram Sabatons,False,1420,1
1644513335,91,7490,Balmung,Wolfram Sabatons,False,1105,1
1644513333,91,7490,Balmung,Wolfram Sabatons,True,999,1
1644513331,91,7490,Balmung,Wolfram Sabatons,False,1006,1
1644513329,91,7490,Balmung,Wolfram Sabatons,True,1000,1
1644513327,91,7490,Balmung,Wolfram Sabatons,True,998,1
1643804352,91,7490,Balmung,Wolfram Sabatons,True,1500,1
1643668632,91,7490,Balmung,Wolfram Sabatons,True,1117,1
1643668631,91,7490,Balmung,Wolfram Sabatons,True,1116,1
1643441383,91,7490,Balmung,Wolfram Sabatons,False,1900,1
1643312368,91,7490,Balmung,Wolfram Sabatons,True,1000,1
1643293083,91,7490,Balmung,Wolfram Sabatons,True,999,1
1643264497,91,7490,Balmung,Wolfram Sabatons,True,998,1
1643167919,91,7490,Balmung,Wolfram Sabatons,True,999,1
1643167917,91,7490,Balmung,Wolfram Sabatons,True,998,1
1643167914,91,7490,Balmung,Wolfram Sabatons,True,950,1
1643167912,91,7490,Balmung,Wolfram Sabatons,False,900,1
1643167579,91,7490,Balmung,Wolfram Sabatons,False,890,1
1643167574,91,7490,Balmung,Wolfram Sabatons,True,750,1
1643167570,91,7490,Balmung,Wolfram Sabatons,True,600,1
1643167566,91,7490,Balmung,Wolfram Sabatons,True,600,1
1643167564,91,7490,Balmung,Wolfram Sabatons,True,600,1
1643167561,91,7490,Balmung,Wolfram Sabatons,False,555,1
1643167558,91,7490,Balmung,Wolfram Sabatons,False,555,1
1642849268,91,7490,Balmung,Wolfram Sabatons,False,750,1
1642849266,91,7490,Balmung,Wolfram Sabatons,False,730,1
1642849261,91,7490,Balmung,Wolfram Sabatons,True,700,1
1642849258,91,7490,Balmung,Wolfram Sabatons,True,700,1
1642848081,91,7490,Balmung,Wolfram Sabatons,False,600,1
1642848080,91,7490,Balmung,Wolfram Sabatons,False,500,1
1642748898,91,7490,Balmung,Wolfram Sabatons,False,500,1
1642603540,91,7490,Balmung,Wolfram Sabatons,True,699,1
1642441261,91,7490,Balmung,Wolfram Sabatons,False,590,1
1642374740,91,7490,Balmung,Wolfram Sabatons,False,500,1
1641772218,91,7490,Balmung,Wolfram Sabatons,True,700,1
1641772215,91,7490,Balmung,Wolfram Sabatons,True,700,1
1641772212,91,7490,Balmung,Wolfram Sabatons,True,700,1
1641772210,91,7490,Balmung,Wolfram Sabatons,False,700,1
1641772206,91,7490,Balmung,Wolfram Sabatons,False,699,1
1641763092,91,7490,Balmung,Wolfram Sabatons,True,695,1
1641690800,91,7490,Balmung,Wolfram Sabatons,False,699,1
1641528569,91,7490,Balmung,Wolfram Sabatons,False,700,1
1641510732,91,7490,Balmung,Wolfram Sabatons,False,700,1
1641490132,91,7490,Balmung,Wolfram Sabatons,True,900,1
1641347547,91,7490,Balmung,Wolfram Sabatons,True,750,1
1641337237,91,7490,Balmung,Wolfram Sabatons,False,600,1
1641332165,91,7490,Balmung,Wolfram Sabatons,False,600,1
1641160028,91,7490,Balmung,Wolfram Sabatons,True,250,1
1641092352,91,7490,Balmung,Wolfram Sabatons,True,717,1
1641092351,91,7490,Balmung,Wolfram Sabatons,True,790,1
1641092350,91,7490,Balmung,Wolfram Sabatons,False,500,1
1641092349,91,7490,Balmung,Wolfram Sabatons,False,400,1
1641092347,91,7490,Balmung,Wolfram Sabatons,False,400,1
1640841358,91,7490,Balmung,Wolfram Sabatons,True,900,1
1640822085,91,7490,Balmung,Wolfram Sabatons,False,800,1
1640658624,91,7490,Balmung,Wolfram Sabatons,True,994,1
1640658622,91,7490,Balmung,Wolfram Sabatons,True,717,1
1640658621,91,7490,Balmung,Wolfram Sabatons,False,699,1
1640658620,91,7490,Balmung,Wolfram Sabatons,False,400,1
1640658618,91,7490,Balmung,Wolfram Sabatons,True,250,1
1640658617,91,7490,Balmung,Wolfram Sabatons,True,150,1
1640658615,91,7490,Balmung,Wolfram Sabatons,True,150,1
1640658614,91,7490,Balmung,Wolfram Sabatons,True,150,1
1640658613,91,7490,Balmung,Wolfram Sabatons,True,117,1
1640658611,91,7490,Balmung,Wolfram Sabatons,True,109,1
1640658610,91,7490,Balmung,Wolfram Sabatons,True,108,1
1640640965,91,7490,Balmung,Wolfram Sabatons,True,107,1
1640570043,91,7490,Balmung,Wolfram Sabatons,False,110,1
1640507013,91,7490,Balmung,Wolfram Sabatons,True,106,1
1640222345,91,7490,Balmung,Wolfram Sabatons,True,107,1
1640005533,91,7490,Balmung,Wolfram Sabatons,False,109,1
1639584795,91,7490,Balmung,Wolfram Sabatons,False,250,1
1639338652,91,7490,Balmung,Wolfram Sabatons,False,249,1
1639234517,91,7490,Balmung,Wolfram Sabatons,False,250,1
1638931288,91,7490,Balmung,Wolfram Sabatons,True,993,1
1638761466,91,7490,Balmung,Wolfram Sabatons,False,200,1
1638685679,91,7490,Balmung,Wolfram Sabatons,True,197,1
1638538141,91,7490,Balmung,Wolfram Sabatons,True,950,1
1638375140,91,7490,Balmung,Wolfram Sabatons,False,990,1
1638145549,91,7490,Balmung,Wolfram Sabatons,False,1700,1
1637777578,91,7490,Balmung,Wolfram Sabatons,False,906,1
1637777576,91,7490,Balmung,Wolfram Sabatons,True,1000,1
1637777574,91,7490,Balmung,Wolfram Sabatons,True,817,1
1637777572,91,7490,Balmung,Wolfram Sabatons,True,816,1
1637266271,91,7490,Balmung,Wolfram Sabatons,False,2000,1
1637266266,91,7490,Balmung,Wolfram Sabatons,True,1849,1
1637266262,91,7490,Balmung,Wolfram Sabatons,False,1699,1
1637266258,91,7490,Balmung,Wolfram Sabatons,False,1234,1
1637266254,91,7490,Balmung,Wolfram Sabatons,False,1229,1
1637204754,91,7490,Balmung,Wolfram Sabatons,False,1222,1
1636928748,91,7490,Balmung,Wolfram Sabatons,False,1700,1
1636928744,91,7490,Balmung,Wolfram Sabatons,True,1200,1
1636928741,91,7490,Balmung,Wolfram Sabatons,True,1195,1
1636928737,91,7490,Balmung,Wolfram Sabatons,True,1000,1
1636913217,91,7490,Balmung,Wolfram Sabatons,True,969,1
1636761423,91,7490,Balmung,Wolfram Sabatons,True,917,1
1636303622,91,7490,Balmung,Wolfram Sabatons,False,800,1
1636264532,91,7490,Balmung,Wolfram Sabatons,False,998,1
1636090110,91,7490,Balmung,Wolfram Sabatons,False,106,1
1635844090,91,7490,Balmung,Wolfram Sabatons,False,500,1
1635698670,91,7490,Balmung,Wolfram Sabatons,False,1000,1
1635698665,91,7490,Balmung,Wolfram Sabatons,False,900,1
1635698661,91,7490,Balmung,Wolfram Sabatons,True,720,1
1635697941,91,7490,Balmung,Wolfram Sabatons,False,500,1
1635697939,91,7490,Balmung,Wolfram Sabatons,False,500,1
1635697937,91,7490,Balmung,Wolfram Sabatons,True,450,1
1635697936,91,7490,Balmung,Wolfram Sabatons,True,449,1
1635474934,91,7490,Balmung,Wolfram Sabatons,True,799,1
1635290785,91,7490,Balmung,Wolfram Sabatons,True,1120,1
1635279114,91,7490,Balmung,Wolfram Sabatons,True,999,1
1635279113,91,7490,Balmung,Wolfram Sabatons,True,998,1
1635279110,91,7490,Balmung,Wolfram Sabatons,False,899,1
1635279108,91,7490,Balmung,Wolfram Sabatons,False,800,1
1635279105,91,7490,Balmung,Wolfram Sabatons,True,717,1
1635155122,91,7490,Balmung,Wolfram Sabatons,True,700,1
1635104038,91,7490,Balmung,Wolfram Sabatons,True,650,1
1634866163,91,7490,Balmung,Wolfram Sabatons,True,117,1
1634496841,91,7490,Balmung,Wolfram Sabatons,True,999,1
1634496834,91,7490,Balmung,Wolfram Sabatons,True,895,1
1634467504,91,7490,Balmung,Wolfram Sabatons,False,1119,1
1634467500,91,7490,Balmung,Wolfram Sabatons,False,1000,1
1634422114,91,7490,Balmung,Wolfram Sabatons,False,106,1
1634172052,91,7490,Balmung,Wolfram Sabatons,True,1000,1
1633956972,91,7490,Balmung,Wolfram Sabatons,True,1200,1
1633933939,91,7490,Balmung,Wolfram Sabatons,True,1200,1
1633832960,91,7490,Balmung,Wolfram Sabatons,True,1000,1
1633656968,91,7490,Balmung,Wolfram Sabatons,True,1000,1
1633557831,91,7490,Balmung,Wolfram Sabatons,False,1000,1
1633557826,91,7490,Balmung,Wolfram Sabatons,False,999,1
1633557766,91,7490,Balmung,Wolfram Sabatons,False,665,1
1633427999,91,7490,Balmung,Wolfram Sabatons,True,917,1
1633427997,91,7490,Balmung,Wolfram Sabatons,False,900,1
1633427995,91,7490,Balmung,Wolfram Sabatons,False,801,1
1633426413,91,7490,Balmung,Wolfram Sabatons,True,799,1
1633426411,91,7490,Balmung,Wolfram Sabatons,True,795,1
1633426401,91,7490,Balmung,Wolfram Sabatons,True,700,1
1633426395,91,7490,Balmung,Wolfram Sabatons,True,599,1
1633359802,91,7490,Balmung,Wolfram Sabatons,False,599,1
1632909410,91,7490,Balmung,Wolfram Sabatons,False,1000,1
1632908278,91,7490,Balmung,Wolfram Sabatons,False,800,1
1632647997,91,7490,Balmung,Wolfram Sabatons,True,1000,1
1632641740,91,7490,Balmung,Wolfram Sabatons,True,800,1
1632641738,91,7490,Balmung,Wolfram Sabatons,True,799,1
1632641736,91,7490,Balmung,Wolfram Sabatons,False,606,1
1632622349,91,7490,Balmung,Wolfram Sabatons,True,604,1
1632482095,91,7490,Balmung,Wolfram Sabatons,True,1198,1
1632482090,91,7490,Balmung,Wolfram Sabatons,False,1000,1
1632362334,91,7490,Balmung,Wolfram Sabatons,True,500,1
1632184115,91,7490,Balmung,Wolfram Sabatons,False,706,1
1631954137,91,7490,Balmung,Wolfram Sabatons,True,1199,1
1631860615,91,7490,Balmung,Wolfram Sabatons,False,999,1
1631724571,91,7490,Balmung,Wolfram Sabatons,False,1399,1
1631724567,91,7490,Balmung,Wolfram Sabatons,False,1375,1
1631678587,91,7490,Balmung,Wolfram Sabatons,True,1000,1
1631649166,91,7490,Balmung,Wolfram Sabatons,False,1300,1
1631495774,91,7490,Balmung,Wolfram Sabatons,True,1497,1
1631072029,91,7490,Balmung,Wolfram Sabatons,False,1850,1
1630967289,91,7490,Balmung,Wolfram Sabatons,True,1830,1
1630818716,91,7490,Balmung,Wolfram Sabatons,True,1900,1
1630772832,91,7490,Balmung,Wolfram Sabatons,True,1500,1
1630772826,91,7490,Balmung,Wolfram Sabatons,False,1200,1
1630541303,91,7490,Balmung,Wolfram Sabatons,True,1500,1
1630378199,91,7490,Balmung,Wolfram Sabatons,False,800,1
1630063875,91,7490,Balmung,Wolfram Sabatons,False,1106,1
1630063873,91,7490,Balmung,Wolfram Sabatons,False,1000,1
1630063870,91,7490,Balmung,Wolfram Sabatons,True,999,1
1630063868,91,7490,Balmung,Wolfram Sabatons,True,999,1
1629976742,91,7490,Balmung,Wolfram Sabatons,False,906,1
1629976742,91,7490,Balmung,Wolfram Sabatons,True,998,1
1629976741,91,7490,Balmung,Wolfram Sabatons,False,699,1
1629976741,91,7490,Balmung,Wolfram Sabatons,False,500,1
1629976740,91,7490,Balmung,Wolfram Sabatons,False,499,1
1629956697,91,7490,Balmung,Wolfram Sabatons,True,700,1
1629936679,91,7490,Balmung,Wolfram Sabatons,False,110,1
1629712933,91,7490,Balmung,Wolfram Sabatons,False,106,1
1629671123,91,7490,Balmung,Wolfram Sabatons,True,600,1
1629558463,91,7490,Balmung,Wolfram Sabatons,False,800,1
1629499876,91,7490,Balmung,Wolfram Sabatons,True,950,1
1628981805,91,7490,Balmung,Wolfram Sabatons,False,1000,1
1628981802,91,7490,Balmung,Wolfram Sabatons,False,1000,1
1628967183,91,7490,Balmung,Wolfram Sabatons,True,1000,1
1628923965,91,7490,Balmung,Wolfram Sabatons,True,1222,1
1628811956,91,7490,Balmung,Wolfram Sabatons,True,800,1
1628811954,91,7490,Balmung,Wolfram Sabatons,True,500,1
1628811951,91,7490,Balmung,Wolfram Sabatons,True,490,1
1628811949,91,7490,Balmung,Wolfram Sabatons,False,489,1
1628811947,91,7490,Balmung,Wolfram Sabatons,True,488,1
1628621272,91,7490,Balmung,Wolfram Sabatons,True,417,1
1628543897,91,7490,Balmung,Wolfram Sabatons,False,250,1
1628364834,91,7490,Balmung,Wolfram Sabatons,False,600,1
1628285897,91,7490,Balmung,Wolfram Sabatons,True,717,1
1628224071,91,7490,Balmung,Wolfram Sabatons,False,500,1
1628006937,91,7490,Balmung,Wolfram Sabatons,False,2000,1
1627928913,91,7490,Balmung,Wolfram Sabatons,True,1790,1
1627709573,91,7490,Balmung,Wolfram Sabatons,True,1500,1
1627424092,91,7490,Balmung,Wolfram Sabatons,True,3199,1
1627354898,91,7490,Balmung,Wolfram Sabatons,True,2500,1
1627182283,91,7490,Balmung,Wolfram Sabatons,False,3200,1
1627066939,91,7490,Balmung,Wolfram Sabatons,True,2500,1
1626786329,91,7490,Balmung,Wolfram Sabatons,False,3150,1
1626786327,91,7490,Balmung,Wolfram Sabatons,False,3000,1
1626786324,91,7490,Balmung,Wolfram Sabatons,True,2999,1
1626786321,91,7490,Balmung,Wolfram Sabatons,True,2900,1
1626786315,91,7490,Balmung,Wolfram Sabatons,False,2000,1
1626725650,91,7490,Balmung,Wolfram Sabatons,False,2890,1
1626504558,91,7490,Balmung,Wolfram Sabatons,True,1422,1
1626504554,91,7490,Balmung,Wolfram Sabatons,False,1000,1
1626465000,91,7490,Balmung,Wolfram Sabatons,False,1400,1
1626386403,91,7490,Balmung,Wolfram Sabatons,True,2900,1
1625997044,91,7490,Balmung,Wolfram Sabatons,True,4450,1
1625995134,91,7490,Balmung,Wolfram Sabatons,True,4000,1
1625995132,91,7490,Balmung,Wolfram Sabatons,True,4000,1
1625995130,91,7490,Balmung,Wolfram Sabatons,False,3400,1
1625995128,91,7490,Balmung,Wolfram Sabatons,False,3400,1
1625995126,91,7490,Balmung,Wolfram Sabatons,False,2999,1
1625995123,91,7490,Balmung,Wolfram Sabatons,False,2799,1
1625995122,91,7490,Balmung,Wolfram Sabatons,False,2000,1
1625978044,91,7490,Balmung,Wolfram Sabatons,True,3950,1
1625850506,91,7490,Balmung,Wolfram Sabatons,False,1888,1
1625850505,91,7490,Balmung,Wolfram Sabatons,False,1800,1
1625850503,91,7490,Balmung,Wolfram Sabatons,True,1499,1
1625850502,91,7490,Balmung,Wolfram Sabatons,True,1300,1
1625850501,91,7490,Balmung,Wolfram Sabatons,True,1300,1
1625850499,91,7490,Balmung,Wolfram Sabatons,True,1000,1
1625850498,91,7490,Balmung,Wolfram Sabatons,True,1217,1
1625850497,91,7490,Balmung,Wolfram Sabatons,False,990,1
1625850495,91,7490,Balmung,Wolfram Sabatons,False,550,1
1625007278,91,7490,Balmung,Wolfram Sabatons,True,999,1
1625007275,91,7490,Balmung,Wolfram Sabatons,True,998,1
1625007272,91,7490,Balmung,Wolfram Sabatons,False,990,1
1625007269,91,7490,Balmung,Wolfram Sabatons,False,998,1
1624939032,91,7490,Balmung,Wolfram Sabatons,False,990,1
1624855588,91,7490,Balmung,Wolfram Sabatons,True,900,1
1624822268,91,7490,Balmung,Wolfram Sabatons,False,106,1
1624413583,91,7490,Balmung,Wolfram Sabatons,False,1499,1
1624379637,91,7490,Balmung,Wolfram Sabatons,False,1300,1
1623685459,91,7490,Balmung,Wolfram Sabatons,False,1000,1
1623685456,91,7490,Balmung,Wolfram Sabatons,True,997,1
1623685454,91,7490,Balmung,Wolfram Sabatons,False,906,1
1623685451,91,7490,Balmung,Wolfram Sabatons,True,899,1
1623685450,91,7490,Balmung,Wolfram Sabatons,True,899,1
1623685447,91,7490,Balmung,Wolfram Sabatons,True,899,1
1623685445,91,7490,Balmung,Wolfram Sabatons,False,899,1
1623685443,91,7490,Balmung,Wolfram Sabatons,True,750,1
1623685441,91,7490,Balmung,Wolfram Sabatons,False,750,1
1623523364,91,7490,Balmung,Wolfram Sabatons,True,897,1
1623107745,91,7490,Balmung,Wolfram Sabatons,True,900,1
1623107677,91,7490,Balmung,Wolfram Sabatons,False,106,1
1622804892,91,7490,Balmung,Wolfram Sabatons,False,900,1
1622804890,91,7490,Balmung,Wolfram Sabatons,False,899,1
1622547839,91,7490,Balmung,Wolfram Sabatons,True,999,1
1622547838,91,7490,Balmung,Wolfram Sabatons,True,1000,1
1622547837,91,7490,Balmung,Wolfram Sabatons,True,800,1
1622547836,91,7490,Balmung,Wolfram Sabatons,True,800,1
1622547835,91,7490,Balmung,Wolfram Sabatons,False,790,1
1622474833,91,7490,Balmung,Wolfram Sabatons,False,650,1
1622474830,91,7490,Balmung,Wolfram Sabatons,True,117,1
1621404237,91,7490,Balmung,Wolfram Sabatons,True,1999,1
1621404235,91,7490,Balmung,Wolfram Sabatons,False,1499,1
1621139525,91,7490,Balmung,Wolfram Sabatons,False,1006,1
1621110029,91,7490,Balmung,Wolfram Sabatons,True,1000,1
1621110027,91,7490,Balmung,Wolfram Sabatons,True,1000,1
1621110024,91,7490,Balmung,Wolfram Sabatons,True,900,1
1621110020,91,7490,Balmung,Wolfram Sabatons,False,850,1
1621110017,91,7490,Balmung,Wolfram Sabatons,True,717,1
1621110014,91,7490,Balmung,Wolfram Sabatons,True,625,1
1621110012,91,7490,Balmung,Wolfram Sabatons,True,625,1
1621110008,91,7490,Balmung,Wolfram Sabatons,False,500,1
1621104846,91,7490,Balmung,Wolfram Sabatons,True,500,1
1620949256,91,7490,Balmung,Wolfram Sabatons,False,500,1
1620581984,91,7490,Balmung,Wolfram Sabatons,False,600,1
1620497959,91,7490,Balmung,Wolfram Sabatons,True,678,1
1620055461,91,7490,Balmung,Wolfram Sabatons,False,806,1
1619236921,91,7490,Balmung,Wolfram Sabatons,True,3499,1
1619047926,91,7490,Balmung,Wolfram Sabatons,True,3300,1
1618604431,91,7490,Balmung,Wolfram Sabatons,True,2222,1
1618377881,91,7490,Balmung,Wolfram Sabatons,True,2117,1
1618377869,91,7490,Balmung,Wolfram Sabatons,False,1800,1
1618377867,91,7490,Balmung,Wolfram Sabatons,True,1700,1
1618377865,91,7490,Balmung,Wolfram Sabatons,False,1106,1
1618377862,91,7490,Balmung,Wolfram Sabatons,True,1105,1
1618377860,91,7490,Balmung,Wolfram Sabatons,True,1105,1
1618377858,91,7490,Balmung,Wolfram Sabatons,True,1100,1
1618054953,91,7490,Balmung,Wolfram Sabatons,False,1249,1
1618054951,91,7490,Balmung,Wolfram Sabatons,True,1289,1
1618054949,91,7490,Balmung,Wolfram Sabatons,True,1250,1
1618054947,91,7490,Balmung,Wolfram Sabatons,True,1217,1
1618054945,91,7490,Balmung,Wolfram Sabatons,False,1210,1
1618054943,91,7490,Balmung,Wolfram Sabatons,True,1199,1
1618026086,91,7490,Balmung,Wolfram Sabatons,False,1100,1
1617790868,91,7490,Balmung,Wolfram Sabatons,True,1100,1
1617776650,91,7490,Balmung,Wolfram Sabatons,True,1000,1
1617776648,91,7490,Balmung,Wolfram Sabatons,True,900,1
1617776646,91,7490,Balmung,Wolfram Sabatons,True,900,1
1617776643,91,7490,Balmung,Wolfram Sabatons,False,875,1
1617768700,91,7490,Balmung,Wolfram Sabatons,True,865,1
1617649768,91,7490,Balmung,Wolfram Sabatons,True,900,1
1617599051,91,7490,Balmung,Wolfram Sabatons,False,900,1
1617342738,91,7490,Balmung,Wolfram Sabatons,True,1216,1
1617335718,91,7490,Balmung,Wolfram Sabatons,True,1200,1
1617254132,91,7490,Balmung,Wolfram Sabatons,True,1215,1
1617162002,91,7490,Balmung,Wolfram Sabatons,False,800,1
1617162000,91,7490,Balmung,Wolfram Sabatons,False,800,1
1617161998,91,7490,Balmung,Wolfram Sabatons,False,800,1
1616881880,91,7490,Balmung,Wolfram Sabatons,True,1298,1
1616772603,91,7490,Balmung,Wolfram Sabatons,True,1297,1
1616334093,91,7490,Balmung,Wolfram Sabatons,True,1111,1
1616108411,91,7490,Balmung,Wolfram Sabatons,False,1000,1
1615948738,91,7490,Balmung,Wolfram Sabatons,True,1500,1
1615948736,91,7490,Balmung,Wolfram Sabatons,True,1400,1
1615948734,91,7490,Balmung,Wolfram Sabatons,False,1400,1
1615948446,91,7490,Balmung,Wolfram Sabatons,True,1000,1
1615948444,91,7490,Balmung,Wolfram Sabatons,False,1000,1
1615948441,91,7490,Balmung,Wolfram Sabatons,False,999,1
1615857403,91,7490,Balmung,Wolfram Sabatons,True,555,1
1615672007,91,7490,Balmung,Wolfram Sabatons,True,1200,1
1615672003,91,7490,Balmung,Wolfram Sabatons,True,1200,1
1615671995,91,7490,Balmung,Wolfram Sabatons,True,1200,1
1615671988,91,7490,Balmung,Wolfram Sabatons,False,1200,1
1615671983,91,7490,Balmung,Wolfram Sabatons,False,1199,1
1615506237,91,7490,Balmung,Wolfram Sabatons,False,500,1
1615348316,91,7490,Balmung,Wolfram Sabatons,True,1117,1
1615348307,91,7490,Balmung,Wolfram Sabatons,True,1000,1
1615278990,91,7490,Balmung,Wolfram Sabatons,True,1100,1
1615278987,91,7490,Balmung,Wolfram Sabatons,False,999,1
1615233234,91,7490,Balmung,Wolfram Sabatons,False,900,1
1615081964,91,7490,Balmung,Wolfram Sabatons,True,1000,1
1615081962,91,7490,Balmung,Wolfram Sabatons,False,1000,1
1614830467,91,7490,Balmung,Wolfram Sabatons,True,999,1
1614748730,91,7490,Balmung,Wolfram Sabatons,True,1717,1
1614740228,91,7490,Balmung,Wolfram Sabatons,False,1000,1
1614740225,91,7490,Balmung,Wolfram Sabatons,False,999,1
1614569659,91,7490,Balmung,Wolfram Sabatons,False,1000,1
1614569654,91,7490,Balmung,Wolfram Sabatons,False,995,1
1614456763,91,7490,Balmung,Wolfram Sabatons,True,1117,1
1614456762,91,7490,Balmung,Wolfram Sabatons,True,1100,1
1614456761,91,7490,Balmung,Wolfram Sabatons,False,1006,1
1614456759,91,7490,Balmung,Wolfram Sabatons,False,1006,1
1614456758,91,7490,Balmung,Wolfram Sabatons,False,1001,1
1614349523,91,7490,Balmung,Wolfram Sabatons,False,1000,1
1613951557,91,7490,Balmung,Wolfram Sabatons,True,1697,1
1613951555,91,7490,Balmung,Wolfram Sabatons,True,1694,1
1613951554,91,7490,Balmung,Wolfram Sabatons,True,1693,1
1613907840,91,7490,Balmung,Wolfram Sabatons,True,1600,1
1613907838,91,7490,Balmung,Wolfram Sabatons,True,1600,1
1613907836,91,7490,Balmung,Wolfram Sabatons,False,1250,1
1613907834,91,7490,Balmung,Wolfram Sabatons,False,1200,1
1613907832,91,7490,Balmung,Wolfram Sabatons,False,1200,1
1613527939,91,7490,Balmung,Wolfram Sabatons,True,1500,1
1613373181,91,7490,Balmung,Wolfram Sabatons,True,1692,1
1613114309,91,7490,Balmung,Wolfram Sabatons,False,900,1
1613114307,91,7490,Balmung,Wolfram Sabatons,True,899,1
1613064758,91,7490,Balmung,Wolfram Sabatons,True,898,1
1612628321,91,7490,Balmung,Wolfram Sabatons,True,1800,1
1612486247,91,7490,Balmung,Wolfram Sabatons,False,1500,1
1612486245,91,7490,Balmung,Wolfram Sabatons,True,1000,1
1612486243,91,7490,Balmung,Wolfram Sabatons,True,1399,1
1612486241,91,7490,Balmung,Wolfram Sabatons,True,900,1
1612486240,91,7490,Balmung,Wolfram Sabatons,True,987,1
1612486238,91,7490,Balmung,Wolfram Sabatons,False,800,1
1612486235,91,7490,Balmung,Wolfram Sabatons,True,900,1
1612486233,91,7490,Balmung,Wolfram Sabatons,True,900,1
1611740870,91,7490,Balmung,Wolfram Sabatons,True,1000,1
1611740869,91,7490,Balmung,Wolfram Sabatons,True,999,1
1611740867,91,7490,Balmung,Wolfram Sabatons,True,999,1
1611523196,91,7490,Balmung,Wolfram Sabatons,True,2117,1
1611417494,91,7490,Balmung,Wolfram Sabatons,False,3000,1
1611417491,91,7490,Balmung,Wolfram Sabatons,True,2950,1
1611417489,91,7490,Balmung,Wolfram Sabatons,True,1690,1
1611417486,91,7490,Balmung,Wolfram Sabatons,False,1500,1
1611417483,91,7490,Balmung,Wolfram Sabatons,True,1495,1
1611417478,91,7490,Balmung,Wolfram Sabatons,False,1106,1
1611417476,91,7490,Balmung,Wolfram Sabatons,False,1100,1
1611396686,91,7490,Balmung,Wolfram Sabatons,False,998,1
1611396685,91,7490,Balmung,Wolfram Sabatons,True,700,1
1611396683,91,7490,Balmung,Wolfram Sabatons,True,599,1
1609923195,91,7490,Balmung,Wolfram Sabatons,True,3000,1
1609923193,91,7490,Balmung,Wolfram Sabatons,True,1949,1
1609923192,91,7490,Balmung,Wolfram Sabatons,True,1500,1
1609867456,91,7490,Balmung,Wolfram Sabatons,False,1000,1
1609867455,91,7490,Balmung,Wolfram Sabatons,True,900,1
1609867454,91,7490,Balmung,Wolfram Sabatons,True,800,1
1609867453,91,7490,Balmung,Wolfram Sabatons,True,799,1
1609867453,91,7490,Balmung,Wolfram Sabatons,False,500,1
1609867452,91,7490,Balmung,Wolfram Sabatons,False,500,1
1609867452,91,7490,Balmung,Wolfram Sabatons,True,499,1
1609831606,91,7490,Balmung,Wolfram Sabatons,True,244,1
1608857515,91,7490,Balmung,Wolfram Sabatons,True,1117,1
1608737559,91,7490,Balmung,Wolfram Sabatons,True,950,1
1608737555,91,7490,Balmung,Wolfram Sabatons,False,800,1
1608737551,91,7490,Balmung,Wolfram Sabatons,False,900,1
1608737548,91,7490,Balmung,Wolfram Sabatons,True,900,1
1608737543,91,7490,Balmung,Wolfram Sabatons,True,795,1
1608737539,91,7490,Balmung,Wolfram Sabatons,True,790,1
1608253998,91,7490,Balmung,Wolfram Sabatons,True,1000,1
1607770181,91,7490,Balmung,Wolfram Sabatons,False,7499,1
1606691287,91,7490,Balmung,Wolfram Sabatons,True,17499,1
1603972251,91,7490,Balmung,Wolfram Sabatons,False,7999,1
1603544331,91,7490,Balmung,Wolfram Sabatons,False,7706,1
1603202475,91,7490,Balmung,Wolfram Sabatons,False,7000,1
1603054307,91,7490,Balmung,Wolfram Sabatons,False,6900,1
1602114584,91,7490,Balmung,Wolfram Sabatons,False,8900,1
1601913128,91,7490,Balmung,Wolfram Sabatons,False,8950,1
1601699181,91,7490,Balmung,Wolfram Sabatons,False,7000,1
1601572748,91,7490,Balmung,Wolfram Sabatons,True,9999,1
1601251751,91,7490,Balmung,Wolfram Sabatons,False,6500,1
1600115088,91,7490,Balmung,Wolfram Sabatons,True,10000,1
1600032840,91,7490,Balmung,Wolfram Sabatons,True,9500,1
1599964511,91,7490,Balmung,Wolfram Sabatons,False,8000,1
1599434653,91,7490,Balmung,Wolfram Sabatons,False,9000,1
1599388660,91,7490,Balmung,Wolfram Sabatons,False,8999,1
1599355380,91,7490,Balmung,Wolfram Sabatons,False,7695,1
1597703149,91,7490,Balmung,Wolfram Sabatons,False,4999,1
1597618242,91,7490,Balmung,Wolfram Sabatons,True,3001,1
1597567098,91,7490,Balmung,Wolfram Sabatons,True,2999,1
1595640319,91,7490,Balmung,Wolfram Sabatons,False,30257,1
1595559047,91,7490,Balmung,Wolfram Sabatons,False,32000,1
1595381083,91,7490,Balmung,Wolfram Sabatons,False,31900,1
1594365354,91,7490,Balmung,Wolfram Sabatons,False,36257,1
1594151014,91,7490,Balmung,Wolfram Sabatons,False,35899,1
1593560265,91,7490,Balmung,Wolfram Sabatons,True,38500,1
1592899228,91,7490,Balmung,Wolfram Sabatons,False,35000,1
1592633423,91,7490,Balmung,Wolfram Sabatons,True,35000,1
1592604518,91,7490,Balmung,Wolfram Sabatons,True,30000,1
1592534310,91,7490,Balmung,Wolfram Sabatons,False,29000,1
1592432518,91,7490,Balmung,Wolfram Sabatons,False,12000,1
1591993210,91,7490,Balmung,Wolfram Sabatons,False,38001,1
1591924282,91,7490,Balmung,Wolfram Sabatons,False,9999,1
1591603697,91,7490,Balmung,Wolfram Sabatons,False,10000,1
1590541763,91,7490,Balmung,Wolfram Sabatons,True,50000,1
1590441754,91,7490,Balmung,Wolfram Sabatons,True,49999,1
1589637042,91,7490,Balmung,Wolfram Sabatons,False,40000,1
1588054378,91,7490,Balmung,Wolfram Sabatons,True,34500,1
1586718290,91,7490,Balmung,Wolfram Sabatons,True,12000,1
1586069168,91,7490,Balmung,Wolfram Sabatons,True,8500,1
1585454192,91,7490,Balmung,Wolfram Sabatons,True,8000,1
1585165052,91,7490,Balmung,Wolfram Sabatons,False,5000,1
1584816576,91,7490,Balmung,Wolfram Sabatons,False,4800,1
1584816334,91,7490,Balmung,Wolfram Sabatons,False,4500,1
1584598528,91,7490,Balmung,Wolfram Sabatons,False,4700,1
1584498289,91,7490,Balmung,Wolfram Sabatons,False,4699,1
1583802838,91,7490,Balmung,Wolfram Sabatons,False,2500,1
1583475934,91,7490,Balmung,Wolfram Sabatons,False,2200,1
1582424913,91,7490,Balmung,Wolfram Sabatons,False,2957,1
1581741909,91,7490,Balmung,Wolfram Sabatons,False,1500,1
1572226304,91,7490,Balmung,Wolfram Sabatons,False,3990,0
1572217134,91,7490,Balmung,Wolfram Sabatons,True,3900,0
1572217132,91,7490,Balmung,Wolfram Sabatons,True,3000,0
1572202641,91,7490,Balmung,Wolfram Sabatons,True,3000,0
1572114681,91,7490,Balmung,Wolfram Sabatons,True,2283,0
1572094607,91,7490,Balmung,Wolfram Sabatons,True,1500,0
1572094603,91,7490,Balmung,Wolfram Sabatons,False,1500,0
1571875214,91,7490,Balmung,Wolfram Sabatons,False,2499,0
1571615875,91,7490,Balmung,Wolfram Sabatons,True,1999,0
1571615873,91,7490,Balmung,Wolfram Sabatons,False,1500,0
1569306660,91,7490,Balmung,Wolfram Sabatons,False,7857,0
1569088668,91,7490,Balmung,Wolfram Sabatons,True,5999,0
1569088665,91,7490,Balmung,Wolfram Sabatons,True,5000,0
1569088662,91,7490,Balmung,Wolfram Sabatons,False,5000,0
1569001334,91,7490,Balmung,Wolfram Sabatons,False,4000,0
1569001333,91,7490,Balmung,Wolfram Sabatons,False,4000,0
1568804423,91,7490,Balmung,Wolfram Sabatons,False,3957,0
1568684059,91,7490,Balmung,Wolfram Sabatons,False,4500,0
1568566418,91,7490,Balmung,Wolfram Sabatons,False,4500,0
1568487766,91,7490,Balmung,Wolfram Sabatons,True,4999,0
